"37.7658","-122.3978","2016-06-22T15:00","PM2.5","8.4","UG/M3"
"37.7658","-122.3978","2016-06-22T15:00","OZONE","23.0","PPB"
"37.7658","-122.3978","2016-06-22T15:00","NO2","5.0","PPB"
"37.7658","-122.3978","2016-06-22T15:00","CO","0.39","PPM"
"37.7658","-122.3978","2016-06-22T16:00","PM2.5","8.7","UG/M3"
"37.7658","-122.3978","2016-06-22T16:00","OZONE","23.0","PPB"
"37.7658","-122.3978","2016-06-22T16:00","NO2","6.0","PPB"
"37.7658","-122.3978","2016-06-22T16:00","CO","0.41","PPM"
"37.7658","-122.3978","2016-06-22T17:00","PM2.5","9.0","UG/M3"
"37.7658","-122.3978","2016-06-22T17:00","OZONE","24.0","PPB"
"37.7658","-122.3978","2016-06-22T17:00","NO2","4.0","PPB"
"37.7658","-122.3978","2016-06-22T17:00","CO","0.38","PPM"
"37.7658","-122.3978","2016-06-22T18:00","PM2.5","9.1","UG/M3"
"37.7658","-122.3978","2016-06-22T18:00","OZONE","25.0","PPB"
"37.7658","-122.3978","2016-06-22T18:00","NO2","4.0","PPB"
"37.7658","-122.3978","2016-06-22T18:00","CO","0.38","PPM"
"37.7658","-122.3978","2016-06-22T19:00","PM2.5","9.2","UG/M3"
"37.7658","-122.3978","2016-06-22T19:00","OZONE","26.0","PPB"
"37.7658","-122.3978","2016-06-22T19:00","NO2","3.0","PPB"
"37.7658","-122.3978","2016-06-22T19:00","CO","0.38","PPM"
"37.7658","-122.3978","2016-06-22T20:00","PM2.5","9.3","UG/M3"
"37.7658","-122.3978","2016-06-22T20:00","OZONE","27.0","PPB"
"37.7658","-122.3978","2016-06-22T20:00","NO2","3.0","PPB"
"37.7658","-122.3978","2016-06-22T20:00","CO","0.39","PPM"
"37.7658","-122.3978","2016-06-22T21:00","PM2.5","9.2","UG/M3"
"37.7658","-122.3978","2016-06-22T21:00","OZONE","27.0","PPB"
"37.7658","-122.3978","2016-06-22T21:00","NO2","3.0","PPB"
"37.7658","-122.3978","2016-06-22T21:00","CO","0.4","PPM"
"37.7658","-122.3978","2016-06-22T22:00","PM2.5","9.1","UG/M3"
"37.7658","-122.3978","2016-06-22T22:00","OZONE","27.0","PPB"
"37.7658","-122.3978","2016-06-22T22:00","NO2","3.0","PPB"
"37.7658","-122.3978","2016-06-22T22:00","CO","0.4","PPM"
"37.7658","-122.3978","2016-06-22T23:00","PM2.5","8.8","UG/M3"
"37.7658","-122.3978","2016-06-22T23:00","OZONE","27.0","PPB"
"37.7658","-122.3978","2016-06-22T23:00","NO2","2.0","PPB"
"37.7658","-122.3978","2016-06-22T23:00","CO","0.39","PPM"
"37.7658","-122.3978","2016-06-23T00:00","PM2.5","8.7","UG/M3"
"37.7658","-122.3978","2016-06-23T00:00","OZONE","28.0","PPB"
"37.7658","-122.3978","2016-06-23T00:00","NO2","3.0","PPB"
"37.7658","-122.3978","2016-06-23T00:00","CO","0.39","PPM"
"37.7658","-122.3978","2016-06-23T01:00","PM2.5","8.7","UG/M3"
"37.7658","-122.3978","2016-06-23T01:00","OZONE","28.0","PPB"
"37.7658","-122.3978","2016-06-23T01:00","NO2","3.0","PPB"
"37.7658","-122.3978","2016-06-23T01:00","CO","0.38","PPM"
"37.7658","-122.3978","2016-06-23T02:00","PM2.5","8.9","UG/M3"
"37.7658","-122.3978","2016-06-23T02:00","OZONE","29.0","PPB"
"37.7658","-122.3978","2016-06-23T02:00","NO2","2.0","PPB"
"37.7658","-122.3978","2016-06-23T02:00","CO","0.37","PPM"
"37.7658","-122.3978","2016-06-23T03:00","PM2.5","8.8","UG/M3"
"37.7658","-122.3978","2016-06-23T03:00","OZONE","29.0","PPB"
"37.7658","-122.3978","2016-06-23T03:00","NO2","3.0","PPB"
"37.7658","-122.3978","2016-06-23T03:00","CO","0.37","PPM"
"37.7658","-122.3978","2016-06-23T04:00","PM2.5","9.0","UG/M3"
"37.7658","-122.3978","2016-06-23T04:00","OZONE","29.0","PPB"
"37.7658","-122.3978","2016-06-23T04:00","NO2","1.0","PPB"
"37.7658","-122.3978","2016-06-23T04:00","CO","0.36","PPM"
"37.7658","-122.3978","2016-06-23T05:00","PM2.5","8.9","UG/M3"
"37.7658","-122.3978","2016-06-23T05:00","OZONE","29.0","PPB"
"37.7658","-122.3978","2016-06-23T05:00","NO2","2.0","PPB"
"37.7658","-122.3978","2016-06-23T05:00","CO","0.36","PPM"
"37.7658","-122.3978","2016-06-23T06:00","PM2.5","8.8","UG/M3"
"37.7658","-122.3978","2016-06-23T06:00","OZONE","30.0","PPB"
"37.7658","-122.3978","2016-06-23T06:00","NO2","5.0","PPB"
"37.7658","-122.3978","2016-06-23T06:00","CO","0.39","PPM"
"37.7658","-122.3978","2016-06-23T07:00","PM2.5","8.9","UG/M3"
"37.7658","-122.3978","2016-06-23T07:00","OZONE","30.0","PPB"
"37.7658","-122.3978","2016-06-23T07:00","NO2","3.0","PPB"
"37.7658","-122.3978","2016-06-23T07:00","CO","0.35","PPM"
"37.7658","-122.3978","2016-06-23T08:00","PM2.5","8.9","UG/M3"
"37.7658","-122.3978","2016-06-23T08:00","OZONE","30.0","PPB"
"37.7658","-122.3978","2016-06-23T08:00","NO2","1.0","PPB"
"37.7658","-122.3978","2016-06-23T08:00","CO","0.33","PPM"
"37.7658","-122.3978","2016-06-23T09:00","PM2.5","9.1","UG/M3"
"37.7658","-122.3978","2016-06-23T09:00","OZONE","29.0","PPB"
"37.7658","-122.3978","2016-06-23T09:00","NO2","1.0","PPB"
"37.7658","-122.3978","2016-06-23T09:00","CO","0.33","PPM"
"37.7658","-122.3978","2016-06-23T10:00","PM2.5","9.0","UG/M3"
"37.7658","-122.3978","2016-06-23T10:00","OZONE","27.0","PPB"
"37.7658","-122.3978","2016-06-23T10:00","NO2","2.0","PPB"
"37.7658","-122.3978","2016-06-23T10:00","CO","0.33","PPM"
"37.7658","-122.3978","2016-06-23T11:00","PM2.5","9.5","UG/M3"
"37.7658","-122.3978","2016-06-23T11:00","OZONE","26.0","PPB"
"37.7658","-122.3978","2016-06-23T12:00","PM2.5","9.4","UG/M3"
"37.7658","-122.3978","2016-06-23T12:00","OZONE","25.0","PPB"
"37.7658","-122.3978","2016-06-23T12:00","NO2","12.0","PPB"
"37.7658","-122.3978","2016-06-23T12:00","CO","0.51","PPM"
"37.7658","-122.3978","2016-06-23T13:00","PM2.5","9.0","UG/M3"
"37.7658","-122.3978","2016-06-23T13:00","NO2","25.0","PPB"
"37.7658","-122.3978","2016-06-23T13:00","OZONE","24.0","PPB"
"37.7658","-122.3978","2016-06-23T13:00","CO","0.44","PPM"
"37.7658","-122.3978","2016-06-23T14:00","PM2.5","8.9","UG/M3"
"37.7658","-122.3978","2016-06-23T14:00","OZONE","23.0","PPB"
"37.7658","-122.3978","2016-06-23T14:00","NO2","13.0","PPB"
"37.7658","-122.3978","2016-06-23T14:00","CO","0.4","PPM"
"37.7658","-122.3978","2016-06-23T15:00","PM2.5","8.7","UG/M3"
"37.7658","-122.3978","2016-06-23T15:00","OZONE","22.0","PPB"
"37.7658","-122.3978","2016-06-23T15:00","NO2","8.0","PPB"
"37.7658","-122.3978","2016-06-23T15:00","CO","0.42","PPM"
"37.7658","-122.3978","2016-06-23T16:00","PM2.5","8.1","UG/M3"
"37.7658","-122.3978","2016-06-23T16:00","OZONE","23.0","PPB"
"37.7658","-122.3978","2016-06-23T16:00","NO2","8.0","PPB"
"37.7658","-122.3978","2016-06-23T16:00","CO","0.43","PPM"
"37.7658","-122.3978","2016-06-23T17:00","PM2.5","7.4","UG/M3"
"37.7658","-122.3978","2016-06-23T17:00","OZONE","23.0","PPB"
"37.7658","-122.3978","2016-06-23T17:00","NO2","6.0","PPB"
"37.7658","-122.3978","2016-06-23T17:00","CO","0.41","PPM"
"37.7658","-122.3978","2016-06-23T18:00","PM2.5","7.0","UG/M3"
"37.7658","-122.3978","2016-06-23T18:00","OZONE","25.0","PPB"
"37.7658","-122.3978","2016-06-23T18:00","NO2","5.0","PPB"
"37.7658","-122.3978","2016-06-23T18:00","CO","0.42","PPM"
"37.7658","-122.3978","2016-06-23T19:00","PM2.5","6.7","UG/M3"
"37.7658","-122.3978","2016-06-23T19:00","OZONE","25.0","PPB"
"37.7658","-122.3978","2016-06-23T19:00","NO2","4.0","PPB"
"37.7658","-122.3978","2016-06-23T19:00","CO","0.4","PPM"
"37.7658","-122.3978","2016-06-23T20:00","PM2.5","6.7","UG/M3"
"37.7658","-122.3978","2016-06-23T20:00","OZONE","25.0","PPB"
"37.7658","-122.3978","2016-06-23T20:00","NO2","4.0","PPB"
"37.7658","-122.3978","2016-06-23T20:00","CO","0.39","PPM"
"37.7658","-122.3978","2016-06-23T21:00","PM2.5","6.6","UG/M3"
"37.7658","-122.3978","2016-06-23T21:00","OZONE","25.0","PPB"
"37.7658","-122.3978","2016-06-23T21:00","NO2","4.0","PPB"
"37.7658","-122.3978","2016-06-23T21:00","CO","0.39","PPM"
"37.7658","-122.3978","2016-06-23T22:00","PM2.5","6.4","UG/M3"
"37.7658","-122.3978","2016-06-23T22:00","OZONE","24.0","PPB"
"37.7658","-122.3978","2016-06-23T22:00","NO2","4.0","PPB"
"37.7658","-122.3978","2016-06-23T22:00","CO","0.42","PPM"
"37.7658","-122.3978","2016-06-23T23:00","PM2.5","6.1","UG/M3"
"37.7658","-122.3978","2016-06-23T23:00","OZONE","24.0","PPB"
"37.7658","-122.3978","2016-06-23T23:00","NO2","3.0","PPB"
"37.7658","-122.3978","2016-06-23T23:00","CO","0.38","PPM"
"37.7658","-122.3978","2016-06-24T00:00","PM2.5","5.8","UG/M3"
"37.7658","-122.3978","2016-06-24T00:00","OZONE","23.0","PPB"
"37.7658","-122.3978","2016-06-24T00:00","NO2","5.0","PPB"
"37.7658","-122.3978","2016-06-24T00:00","CO","0.4","PPM"
"37.7658","-122.3978","2016-06-24T01:00","PM2.5","5.7","UG/M3"
"37.7658","-122.3978","2016-06-24T01:00","OZONE","21.0","PPB"
"37.7658","-122.3978","2016-06-24T01:00","NO2","4.0","PPB"
"37.7658","-122.3978","2016-06-24T01:00","CO","0.38","PPM"
"37.7658","-122.3978","2016-06-24T02:00","PM2.5","5.3","UG/M3"
"37.7658","-122.3978","2016-06-24T02:00","OZONE","20.0","PPB"
"37.7658","-122.3978","2016-06-24T02:00","NO2","4.0","PPB"
"37.7658","-122.3978","2016-06-24T02:00","CO","0.37","PPM"
"37.7658","-122.3978","2016-06-24T03:00","PM2.5","4.8","UG/M3"
"37.7658","-122.3978","2016-06-24T03:00","OZONE","20.0","PPB"
"37.7658","-122.3978","2016-06-24T03:00","NO2","4.0","PPB"
"37.7658","-122.3978","2016-06-24T03:00","CO","0.37","PPM"
"37.7658","-122.3978","2016-06-24T04:00","PM2.5","4.5","UG/M3"
"37.7658","-122.3978","2016-06-24T04:00","OZONE","19.0","PPB"
"37.7658","-122.3978","2016-06-24T04:00","NO2","5.0","PPB"
"37.7658","-122.3978","2016-06-24T04:00","CO","0.4","PPM"
"37.7658","-122.3978","2016-06-24T05:00","OZONE","18.0","PPB"
"37.7658","-122.3978","2016-06-24T05:00","PM2.5","4.0","UG/M3"
"37.7658","-122.3978","2016-06-24T05:00","NO2","5.0","PPB"
"37.7658","-122.3978","2016-06-24T05:00","CO","0.4","PPM"
"37.7658","-122.3978","2016-06-24T06:00","OZONE","18.0","PPB"
"37.7658","-122.3978","2016-06-24T06:00","PM2.5","4.1","UG/M3"
"37.7658","-122.3978","2016-06-24T06:00","NO2","3.0","PPB"
"37.7658","-122.3978","2016-06-24T06:00","CO","0.38","PPM"
"37.7658","-122.3978","2016-06-24T07:00","PM2.5","4.0","UG/M3"
"37.7658","-122.3978","2016-06-24T07:00","OZONE","17.0","PPB"
"37.7658","-122.3978","2016-06-24T07:00","NO2","2.0","PPB"
"37.7658","-122.3978","2016-06-24T07:00","CO","0.37","PPM"
"37.7658","-122.3978","2016-06-24T08:00","OZONE","17.0","PPB"
"37.7658","-122.3978","2016-06-24T08:00","PM2.5","3.7","UG/M3"
"37.7658","-122.3978","2016-06-24T08:00","NO2","2.0","PPB"
"37.7658","-122.3978","2016-06-24T08:00","CO","0.35","PPM"
"37.7658","-122.3978","2016-06-24T09:00","OZONE","16.0","PPB"
"37.7658","-122.3978","2016-06-24T09:00","PM2.5","3.7","UG/M3"
"37.7658","-122.3978","2016-06-24T09:00","NO2","2.0","PPB"
"37.7658","-122.3978","2016-06-24T09:00","CO","0.35","PPM"
"37.7658","-122.3978","2016-06-24T10:00","PM2.5","3.7","UG/M3"
"37.7658","-122.3978","2016-06-24T10:00","OZONE","15.0","PPB"
"37.7658","-122.3978","2016-06-24T10:00","NO2","2.0","PPB"
"37.7658","-122.3978","2016-06-24T10:00","CO","0.35","PPM"
"37.7658","-122.3978","2016-06-24T11:00","PM2.5","3.4","UG/M3"
"37.7658","-122.3978","2016-06-24T11:00","OZONE","14.0","PPB"
"37.7658","-122.3978","2016-06-24T12:00","PM2.5","3.6","UG/M3"
"37.7658","-122.3978","2016-06-24T12:00","OZONE","13.0","PPB"
"37.7658","-122.3978","2016-06-24T12:00","NO2","6.0","PPB"
"37.7658","-122.3978","2016-06-24T12:00","CO","0.51","PPM"
"37.7658","-122.3978","2016-06-24T13:00","PM2.5","3.9","UG/M3"
"37.7658","-122.3978","2016-06-24T13:00","OZONE","13.0","PPB"
"37.7658","-122.3978","2016-06-24T13:00","NO2","12.0","PPB"
"37.7658","-122.3978","2016-06-24T13:00","CO","0.45","PPM"
"37.7658","-122.3978","2016-06-24T14:00","PM2.5","4.0","UG/M3"
"37.7658","-122.3978","2016-06-24T14:00","OZONE","13.0","PPB"
"37.7658","-122.3978","2016-06-24T14:00","NO2","10.0","PPB"
"37.7658","-122.3978","2016-06-24T14:00","CO","0.44","PPM"
"37.7658","-122.3978","2016-06-24T15:00","PM2.5","4.3","UG/M3"
"37.7658","-122.3978","2016-06-24T15:00","OZONE","14.0","PPB"
"37.7658","-122.3978","2016-06-24T15:00","NO2","6.0","PPB"
"37.7658","-122.3978","2016-06-24T15:00","CO","0.41","PPM"
"37.7658","-122.3978","2016-06-24T16:00","PM2.5","4.6","UG/M3"
"37.7658","-122.3978","2016-06-24T16:00","OZONE","14.0","PPB"
"37.7658","-122.3978","2016-06-24T16:00","NO2","5.0","PPB"
"37.7658","-122.3978","2016-06-24T16:00","CO","0.4","PPM"
"37.7658","-122.3978","2016-06-24T17:00","PM2.5","5.3","UG/M3"
"37.7658","-122.3978","2016-06-24T17:00","OZONE","16.0","PPB"
"37.7658","-122.3978","2016-06-24T17:00","NO2","4.0","PPB"
"37.7658","-122.3978","2016-06-24T17:00","CO","0.39","PPM"
"37.7658","-122.3978","2016-06-24T18:00","PM2.5","5.8","UG/M3"
"37.7658","-122.3978","2016-06-24T18:00","OZONE","17.0","PPB"
"37.7658","-122.3978","2016-06-24T18:00","NO2","4.0","PPB"
"37.7658","-122.3978","2016-06-24T18:00","CO","0.4","PPM"
"37.7658","-122.3978","2016-06-24T19:00","PM2.5","6.2","UG/M3"
"37.7658","-122.3978","2016-06-24T19:00","OZONE","19.0","PPB"
"37.7658","-122.3978","2016-06-24T19:00","NO2","5.0","PPB"
"37.7658","-122.3978","2016-06-24T19:00","CO","0.41","PPM"
"37.7658","-122.3978","2016-06-24T20:00","PM2.5","6.7","UG/M3"
"37.7658","-122.3978","2016-06-24T20:00","OZONE","20.0","PPB"
"37.7658","-122.3978","2016-06-24T20:00","NO2","5.0","PPB"
"37.7658","-122.3978","2016-06-24T20:00","CO","0.42","PPM"
"37.7658","-122.3978","2016-06-24T21:00","PM2.5","7.1","UG/M3"
"37.7658","-122.3978","2016-06-24T21:00","OZONE","21.0","PPB"
"37.7658","-122.3978","2016-06-24T21:00","NO2","5.0","PPB"
"37.7658","-122.3978","2016-06-24T21:00","CO","0.44","PPM"
"37.7658","-122.3978","2016-06-24T22:00","PM2.5","8.0","UG/M3"
"37.7658","-122.3978","2016-06-24T22:00","OZONE","22.0","PPB"
"37.7658","-122.3978","2016-06-24T22:00","NO2","4.0","PPB"
"37.7658","-122.3978","2016-06-24T22:00","CO","0.43","PPM"
"37.7658","-122.3978","2016-06-24T23:00","PM2.5","8.4","UG/M3"
"37.7658","-122.3978","2016-06-24T23:00","OZONE","22.0","PPB"
"37.7658","-122.3978","2016-06-24T23:00","NO2","4.0","PPB"
"37.7658","-122.3978","2016-06-24T23:00","CO","0.42","PPM"
"37.7658","-122.3978","2016-06-25T00:00","PM2.5","8.8","UG/M3"
"37.7658","-122.3978","2016-06-25T00:00","OZONE","23.0","PPB"
"37.7658","-122.3978","2016-06-25T00:00","NO2","4.0","PPB"
"37.7658","-122.3978","2016-06-25T00:00","CO","0.44","PPM"
"37.7658","-122.3978","2016-06-25T01:00","PM2.5","9.1","UG/M3"
"37.7658","-122.3978","2016-06-25T01:00","OZONE","23.0","PPB"
"37.7658","-122.3978","2016-06-25T01:00","NO2","7.0","PPB"
"37.7658","-122.3978","2016-06-25T01:00","CO","0.47","PPM"
"37.7658","-122.3978","2016-06-25T02:00","PM2.5","9.6","UG/M3"
"37.7658","-122.3978","2016-06-25T02:00","OZONE","23.0","PPB"
"37.7658","-122.3978","2016-06-25T02:00","NO2","11.0","PPB"
"37.7658","-122.3978","2016-06-25T02:00","CO","0.5","PPM"
"37.7658","-122.3978","2016-06-25T03:00","PM2.5","10.5","UG/M3"
"37.7658","-122.3978","2016-06-25T03:00","OZONE","23.0","PPB"
"37.7658","-122.3978","2016-06-25T03:00","NO2","7.0","PPB"
"37.7658","-122.3978","2016-06-25T03:00","CO","0.43","PPM"
"37.7658","-122.3978","2016-06-25T04:00","PM2.5","10.5","UG/M3"
"37.7658","-122.3978","2016-06-25T04:00","OZONE","23.0","PPB"
"37.7658","-122.3978","2016-06-25T04:00","NO2","7.0","PPB"
"37.7658","-122.3978","2016-06-25T04:00","CO","0.41","PPM"
"37.7658","-122.3978","2016-06-25T05:00","PM2.5","11.1","UG/M3"
"37.7658","-122.3978","2016-06-25T05:00","OZONE","22.0","PPB"
"37.7658","-122.3978","2016-06-25T05:00","NO2","6.0","PPB"
"37.7658","-122.3978","2016-06-25T05:00","CO","0.42","PPM"
"37.7658","-122.3978","2016-06-25T06:00","PM2.5","11.5","UG/M3"
"37.7658","-122.3978","2016-06-25T06:00","OZONE","22.0","PPB"
"37.7658","-122.3978","2016-06-25T06:00","NO2","6.0","PPB"
"37.7658","-122.3978","2016-06-25T06:00","CO","0.38","PPM"
"37.7658","-122.3978","2016-06-25T07:00","PM2.5","11.9","UG/M3"
"37.7658","-122.3978","2016-06-25T07:00","OZONE","23.0","PPB"
"37.7658","-122.3978","2016-06-25T07:00","NO2","5.0","PPB"
"37.7658","-122.3978","2016-06-25T07:00","CO","0.43","PPM"
"37.7658","-122.3978","2016-06-25T08:00","PM2.5","12.5","UG/M3"
"37.7658","-122.3978","2016-06-25T08:00","OZONE","22.0","PPB"
"37.7658","-122.3978","2016-06-25T08:00","NO2","5.0","PPB"
"37.7658","-122.3978","2016-06-25T08:00","CO","0.51","PPM"
"37.7658","-122.3978","2016-06-25T09:00","PM2.5","12.3","UG/M3"
"37.7658","-122.3978","2016-06-25T09:00","OZONE","22.0","PPB"
"37.7658","-122.3978","2016-06-25T09:00","NO2","3.0","PPB"
"37.7658","-122.3978","2016-06-25T09:00","CO","0.37","PPM"
"37.7658","-122.3978","2016-06-25T10:00","PM2.5","12.9","UG/M3"
"37.7658","-122.3978","2016-06-25T10:00","OZONE","21.0","PPB"
"37.7658","-122.3978","2016-06-25T10:00","NO2","4.0","PPB"
"37.7658","-122.3978","2016-06-25T10:00","CO","0.37","PPM"
"37.7658","-122.3978","2016-06-25T11:00","PM2.5","12.9","UG/M3"
"37.7658","-122.3978","2016-06-25T11:00","OZONE","21.0","PPB"
"37.7658","-122.3978","2016-06-25T12:00","PM2.5","13.1","UG/M3"
"37.7658","-122.3978","2016-06-25T12:00","OZONE","20.0","PPB"
"37.7658","-122.3978","2016-06-25T12:00","NO2","6.0","PPB"
"37.7658","-122.3978","2016-06-25T12:00","CO","0.37","PPM"
"37.7658","-122.3978","2016-06-25T13:00","PM2.5","13.1","UG/M3"
"37.7658","-122.3978","2016-06-25T13:00","OZONE","20.0","PPB"
"37.7658","-122.3978","2016-06-25T13:00","NO2","8.0","PPB"
"37.7658","-122.3978","2016-06-25T13:00","CO","0.4","PPM"
"37.7658","-122.3978","2016-06-25T14:00","PM2.5","13.3","UG/M3"
"37.7658","-122.3978","2016-06-25T14:00","OZONE","20.0","PPB"
"37.7658","-122.3978","2016-06-25T14:00","NO2","10.0","PPB"
"37.7658","-122.3978","2016-06-25T14:00","CO","0.5","PPM"
"37.7658","-122.3978","2016-06-25T15:00","PM2.5","13.7","UG/M3"
"37.7658","-122.3978","2016-06-25T15:00","OZONE","20.0","PPB"
"37.7658","-122.3978","2016-06-25T15:00","NO2","7.0","PPB"
"37.7658","-122.3978","2016-06-25T15:00","CO","0.42","PPM"
"37.7658","-122.3978","2016-06-25T16:00","PM2.5","13.6","UG/M3"
"37.7658","-122.3978","2016-06-25T16:00","OZONE","21.0","PPB"
"37.7658","-122.3978","2016-06-25T16:00","NO2","8.0","PPB"
"37.7658","-122.3978","2016-06-25T16:00","CO","0.45","PPM"
"37.7658","-122.3978","2016-06-25T17:00","PM2.5","13.7","UG/M3"
"37.7658","-122.3978","2016-06-25T17:00","OZONE","22.0","PPB"
"37.7658","-122.3978","2016-06-25T17:00","NO2","10.0","PPB"
"37.7658","-122.3978","2016-06-25T17:00","CO","0.51","PPM"
"37.7658","-122.3978","2016-06-25T18:00","PM2.5","13.6","UG/M3"
"37.7658","-122.3978","2016-06-25T18:00","OZONE","23.0","PPB"
"37.7658","-122.3978","2016-06-25T18:00","NO2","10.0","PPB"
"37.7658","-122.3978","2016-06-25T18:00","CO","0.53","PPM"
"37.7658","-122.3978","2016-06-25T19:00","PM2.5","13.7","UG/M3"
"37.7658","-122.3978","2016-06-25T19:00","OZONE","24.0","PPB"
"37.7658","-122.3978","2016-06-25T19:00","NO2","6.0","PPB"
"37.7658","-122.3978","2016-06-25T19:00","CO","0.46","PPM"
"37.7658","-122.3978","2016-06-25T20:00","PM2.5","13.4","UG/M3"
"37.7658","-122.3978","2016-06-25T20:00","OZONE","24.0","PPB"
"37.7658","-122.3978","2016-06-25T20:00","NO2","5.0","PPB"
"37.7658","-122.3978","2016-06-25T20:00","CO","0.46","PPM"
"37.7658","-122.3978","2016-06-25T21:00","PM2.5","13.4","UG/M3"
"37.7658","-122.3978","2016-06-25T21:00","OZONE","24.0","PPB"
"37.7658","-122.3978","2016-06-25T21:00","NO2","4.0","PPB"
"37.7658","-122.3978","2016-06-25T21:00","CO","0.44","PPM"
"37.7658","-122.3978","2016-06-25T22:00","PM2.5","13.2","UG/M3"
"37.7658","-122.3978","2016-06-25T22:00","OZONE","25.0","PPB"
"37.7658","-122.3978","2016-06-25T22:00","NO2","4.0","PPB"
"37.7658","-122.3978","2016-06-25T22:00","CO","0.43","PPM"
"37.7658","-122.3978","2016-06-25T23:00","PM2.5","13.7","UG/M3"
"37.7658","-122.3978","2016-06-25T23:00","OZONE","25.0","PPB"
"37.7658","-122.3978","2016-06-25T23:00","NO2","4.0","PPB"
"37.7658","-122.3978","2016-06-25T23:00","CO","0.41","PPM"
"37.7658","-122.3978","2016-06-26T00:00","PM2.5","13.8","UG/M3"
"37.7658","-122.3978","2016-06-26T00:00","OZONE","24.0","PPB"
"37.7658","-122.3978","2016-06-26T00:00","NO2","4.0","PPB"
"37.7658","-122.3978","2016-06-26T00:00","CO","0.41","PPM"
"37.7658","-122.3978","2016-06-26T01:00","PM2.5","14.0","UG/M3"
"37.7658","-122.3978","2016-06-26T01:00","OZONE","24.0","PPB"
"37.7658","-122.3978","2016-06-26T01:00","NO2","4.0","PPB"
"37.7658","-122.3978","2016-06-26T01:00","CO","0.4","PPM"
"37.7658","-122.3978","2016-06-26T02:00","PM2.5","14.1","UG/M3"
"37.7658","-122.3978","2016-06-26T02:00","OZONE","23.0","PPB"
"37.7658","-122.3978","2016-06-26T02:00","NO2","4.0","PPB"
"37.7658","-122.3978","2016-06-26T02:00","CO","0.41","PPM"
"37.7658","-122.3978","2016-06-26T03:00","PM2.5","13.9","UG/M3"
"37.7658","-122.3978","2016-06-26T03:00","OZONE","23.0","PPB"
"37.7658","-122.3978","2016-06-26T03:00","NO2","5.0","PPB"
"37.7658","-122.3978","2016-06-26T03:00","CO","0.41","PPM"
"37.7658","-122.3978","2016-06-26T04:00","PM2.5","14.3","UG/M3"
"37.7658","-122.3978","2016-06-26T04:00","OZONE","24.0","PPB"
"37.7658","-122.3978","2016-06-26T04:00","NO2","5.0","PPB"
"37.7658","-122.3978","2016-06-26T04:00","CO","0.42","PPM"
"37.7658","-122.3978","2016-06-26T05:00","PM2.5","13.7","UG/M3"
"37.7658","-122.3978","2016-06-26T05:00","OZONE","24.0","PPB"
"37.7658","-122.3978","2016-06-26T05:00","NO2","3.0","PPB"
"37.7658","-122.3978","2016-06-26T05:00","CO","0.39","PPM"
"37.7658","-122.3978","2016-06-26T06:00","PM2.5","12.8","UG/M3"
"37.7658","-122.3978","2016-06-26T06:00","OZONE","24.0","PPB"
"37.7658","-122.3978","2016-06-26T06:00","NO2","3.0","PPB"
"37.7658","-122.3978","2016-06-26T06:00","CO","0.38","PPM"
"37.7658","-122.3978","2016-06-26T07:00","PM2.5","12.5","UG/M3"
"37.7658","-122.3978","2016-06-26T07:00","OZONE","24.0","PPB"
"37.7658","-122.3978","2016-06-26T07:00","NO2","2.0","PPB"
"37.7658","-122.3978","2016-06-26T07:00","CO","0.36","PPM"
"37.7658","-122.3978","2016-06-26T08:00","PM2.5","12.3","UG/M3"
"37.7658","-122.3978","2016-06-26T08:00","OZONE","24.0","PPB"
"37.7658","-122.3978","2016-06-26T08:00","NO2","2.0","PPB"
"37.7658","-122.3978","2016-06-26T08:00","CO","0.36","PPM"
"37.7658","-122.3978","2016-06-26T09:00","PM2.5","12.4","UG/M3"
"37.7658","-122.3978","2016-06-26T09:00","OZONE","24.0","PPB"
"37.7658","-122.3978","2016-06-26T09:00","NO2","1.0","PPB"
"37.7658","-122.3978","2016-06-26T09:00","CO","0.36","PPM"
"37.7658","-122.3978","2016-06-26T10:00","PM2.5","11.5","UG/M3"
"37.7658","-122.3978","2016-06-26T10:00","OZONE","24.0","PPB"
"37.7658","-122.3978","2016-06-26T11:00","PM2.5","11.1","UG/M3"
"37.7658","-122.3978","2016-06-26T11:00","OZONE","24.0","PPB"
"37.7658","-122.3978","2016-06-26T11:00","NO2","3.0","PPB"
"37.7658","-122.3978","2016-06-26T11:00","CO","0.36","PPM"
"37.7658","-122.3978","2016-06-26T12:00","PM2.5","10.6","UG/M3"
"37.7658","-122.3978","2016-06-26T12:00","OZONE","24.0","PPB"
"37.7658","-122.3978","2016-06-26T12:00","NO2","3.0","PPB"
"37.7658","-122.3978","2016-06-26T12:00","CO","0.37","PPM"
"37.7658","-122.3978","2016-06-26T13:00","PM2.5","10.7","UG/M3"
"37.7658","-122.3978","2016-06-26T13:00","OZONE","23.0","PPB"
"37.7658","-122.3978","2016-06-26T13:00","NO2","3.0","PPB"
"37.7658","-122.3978","2016-06-26T13:00","CO","0.38","PPM"
"37.7658","-122.3978","2016-06-26T14:00","PM2.5","10.6","UG/M3"
"37.7658","-122.3978","2016-06-26T14:00","OZONE","23.0","PPB"
"37.7658","-122.3978","2016-06-26T14:00","NO2","4.0","PPB"
"37.7658","-122.3978","2016-06-26T14:00","CO","0.38","PPM"
"37.7658","-122.3978","2016-06-26T15:00","PM2.5","10.4","UG/M3"
"37.7658","-122.3978","2016-06-26T15:00","OZONE","23.0","PPB"
"37.7658","-122.3978","2016-06-26T15:00","NO2","3.0","PPB"
"37.7658","-122.3978","2016-06-26T15:00","CO","0.37","PPM"
"37.7658","-122.3978","2016-06-26T16:00","PM2.5","10.6","UG/M3"
"37.7658","-122.3978","2016-06-26T16:00","OZONE","23.0","PPB"
"37.7658","-122.3978","2016-06-26T16:00","NO2","3.0","PPB"
"37.7658","-122.3978","2016-06-26T16:00","CO","0.39","PPM"
"37.7658","-122.3978","2016-06-26T17:00","PM2.5","10.2","UG/M3"
"37.7658","-122.3978","2016-06-26T17:00","OZONE","23.0","PPB"
"37.7658","-122.3978","2016-06-26T17:00","NO2","3.0","PPB"
"37.7658","-122.3978","2016-06-26T17:00","CO","0.4","PPM"
"37.7658","-122.3978","2016-06-26T18:00","PM2.5","10.1","UG/M3"
"37.7658","-122.3978","2016-06-26T18:00","OZONE","23.0","PPB"
"37.7658","-122.3978","2016-06-26T18:00","NO2","3.0","PPB"
"37.7658","-122.3978","2016-06-26T18:00","CO","0.43","PPM"
"37.7658","-122.3978","2016-06-26T19:00","PM2.5","9.7","UG/M3"
"37.7658","-122.3978","2016-06-26T19:00","OZONE","23.0","PPB"
"37.7658","-122.3978","2016-06-26T19:00","NO2","3.0","PPB"
"37.7658","-122.3978","2016-06-26T19:00","CO","0.44","PPM"
"37.7658","-122.3978","2016-06-26T20:00","PM2.5","9.5","UG/M3"
"37.7658","-122.3978","2016-06-26T20:00","OZONE","23.0","PPB"
"37.7658","-122.3978","2016-06-26T20:00","NO2","3.0","PPB"
"37.7658","-122.3978","2016-06-26T20:00","CO","0.45","PPM"
"37.7658","-122.3978","2016-06-26T21:00","PM2.5","9.1","UG/M3"
"37.7658","-122.3978","2016-06-26T21:00","OZONE","23.0","PPB"
"37.7658","-122.3978","2016-06-26T21:00","NO2","3.0","PPB"
"37.7658","-122.3978","2016-06-26T21:00","CO","0.45","PPM"
"37.7658","-122.3978","2016-06-26T22:00","PM2.5","8.7","UG/M3"
"37.7658","-122.3978","2016-06-26T22:00","OZONE","23.0","PPB"
"37.7658","-122.3978","2016-06-26T22:00","NO2","3.0","PPB"
"37.7658","-122.3978","2016-06-26T22:00","CO","0.44","PPM"
"37.7658","-122.3978","2016-06-26T23:00","PM2.5","8.0","UG/M3"
"37.7658","-122.3978","2016-06-26T23:00","OZONE","23.0","PPB"
"37.7658","-122.3978","2016-06-26T23:00","NO2","3.0","PPB"
"37.7658","-122.3978","2016-06-26T23:00","CO","0.45","PPM"
"37.7658","-122.3978","2016-06-27T00:00","PM2.5","7.8","UG/M3"
"37.7658","-122.3978","2016-06-27T00:00","OZONE","23.0","PPB"
"37.7658","-122.3978","2016-06-27T00:00","NO2","3.0","PPB"
"37.7658","-122.3978","2016-06-27T00:00","CO","0.45","PPM"
"37.7658","-122.3978","2016-06-27T01:00","PM2.5","7.5","UG/M3"
"37.7658","-122.3978","2016-06-27T01:00","OZONE","23.0","PPB"
"37.7658","-122.3978","2016-06-27T01:00","NO2","4.0","PPB"
"37.7658","-122.3978","2016-06-27T01:00","CO","0.45","PPM"
"37.7658","-122.3978","2016-06-27T02:00","PM2.5","7.2","UG/M3"
"37.7658","-122.3978","2016-06-27T02:00","OZONE","23.0","PPB"
"37.7658","-122.3978","2016-06-27T02:00","NO2","4.0","PPB"
"37.7658","-122.3978","2016-06-27T02:00","CO","0.47","PPM"
"37.7658","-122.3978","2016-06-27T03:00","PM2.5","6.8","UG/M3"
"37.7658","-122.3978","2016-06-27T03:00","OZONE","23.0","PPB"
"37.7658","-122.3978","2016-06-27T03:00","NO2","5.0","PPB"
"37.7658","-122.3978","2016-06-27T03:00","CO","0.49","PPM"
"37.7658","-122.3978","2016-06-27T04:00","PM2.5","6.2","UG/M3"
"37.7658","-122.3978","2016-06-27T04:00","OZONE","23.0","PPB"
"37.7658","-122.3978","2016-06-27T04:00","NO2","6.0","PPB"
"37.7658","-122.3978","2016-06-27T04:00","CO","0.42","PPM"
"37.7658","-122.3978","2016-06-27T05:00","PM2.5","6.4","UG/M3"
"37.7658","-122.3978","2016-06-27T05:00","OZONE","24.0","PPB"
"37.7658","-122.3978","2016-06-27T05:00","NO2","6.0","PPB"
"37.7658","-122.3978","2016-06-27T05:00","CO","0.42","PPM"
"37.7658","-122.3978","2016-06-27T06:00","PM2.5","6.7","UG/M3"
"37.7658","-122.3978","2016-06-27T06:00","OZONE","24.0","PPB"
"37.7658","-122.3978","2016-06-27T06:00","NO2","4.0","PPB"
"37.7658","-122.3978","2016-06-27T06:00","CO","0.39","PPM"
"37.7658","-122.3978","2016-06-27T07:00","PM2.5","6.6","UG/M3"
"37.7658","-122.3978","2016-06-27T07:00","OZONE","25.0","PPB"
"37.7658","-122.3978","2016-06-27T07:00","NO2","2.0","PPB"
"37.7658","-122.3978","2016-06-27T07:00","CO","0.37","PPM"
"37.7658","-122.3978","2016-06-27T08:00","PM2.5","6.4","UG/M3"
"37.7658","-122.3978","2016-06-27T08:00","OZONE","25.0","PPB"
"37.7658","-122.3978","2016-06-27T08:00","NO2","2.0","PPB"
"37.7658","-122.3978","2016-06-27T08:00","CO","0.37","PPM"
"37.7658","-122.3978","2016-06-27T09:00","PM2.5","6.4","UG/M3"
"37.7658","-122.3978","2016-06-27T09:00","OZONE","25.0","PPB"
"37.7658","-122.3978","2016-06-27T09:00","NO2","2.0","PPB"
"37.7658","-122.3978","2016-06-27T09:00","CO","0.37","PPM"
"37.7658","-122.3978","2016-06-27T10:00","PM2.5","6.6","UG/M3"
"37.7658","-122.3978","2016-06-27T10:00","OZONE","24.0","PPB"
"37.7658","-122.3978","2016-06-27T10:00","NO2","2.0","PPB"
"37.7658","-122.3978","2016-06-27T10:00","CO","0.36","PPM"
"37.7658","-122.3978","2016-06-27T11:00","PM2.5","7.0","UG/M3"
"37.7658","-122.3978","2016-06-27T11:00","OZONE","23.0","PPB"
"37.7658","-122.3978","2016-06-27T12:00","PM2.5","7.2","UG/M3"
"37.7658","-122.3978","2016-06-27T12:00","OZONE","22.0","PPB"
"37.7658","-122.3978","2016-06-27T12:00","NO2","7.0","PPB"
"37.7658","-122.3978","2016-06-27T12:00","CO","0.46","PPM"
"37.7658","-122.3978","2016-06-27T13:00","PM2.5","7.0","UG/M3"
"37.7658","-122.3978","2016-06-27T13:00","OZONE","20.0","PPB"
"37.7658","-122.3978","2016-06-27T13:00","NO2","12.0","PPB"
"37.7658","-122.3978","2016-06-27T13:00","CO","0.5","PPM"
"37.7658","-122.3978","2016-06-27T14:00","PM2.5","7.3","UG/M3"
"37.7658","-122.3978","2016-06-27T14:00","OZONE","19.0","PPB"
"37.7658","-122.3978","2016-06-27T14:00","NO2","15.0","PPB"
"37.7658","-122.3978","2016-06-27T14:00","CO","0.48","PPM"
"37.7658","-122.3978","2016-06-27T15:00","PM2.5","7.5","UG/M3"
"37.7658","-122.3978","2016-06-27T15:00","OZONE","19.0","PPB"
"37.7658","-122.3978","2016-06-27T15:00","NO2","13.0","PPB"
"37.7658","-122.3978","2016-06-27T15:00","CO","0.46","PPM"
"37.7658","-122.3978","2016-06-27T16:00","PM2.5","7.4","UG/M3"
"37.7658","-122.3978","2016-06-27T16:00","OZONE","19.0","PPB"
"37.7658","-122.3978","2016-06-27T16:00","NO2","12.0","PPB"
"37.7658","-122.3978","2016-06-27T16:00","CO","0.48","PPM"
"37.7658","-122.3978","2016-06-27T17:00","PM2.5","7.6","UG/M3"
"37.7658","-122.3978","2016-06-27T17:00","OZONE","20.0","PPB"
"37.7658","-122.3978","2016-06-27T17:00","NO2","8.0","PPB"
"37.7658","-122.3978","2016-06-27T17:00","CO","0.44","PPM"
"37.7658","-122.3978","2016-06-27T18:00","PM2.5","7.8","UG/M3"
"37.7658","-122.3978","2016-06-27T18:00","OZONE","21.0","PPB"
"37.7658","-122.3978","2016-06-27T18:00","NO2","8.0","PPB"
"37.7658","-122.3978","2016-06-27T18:00","CO","0.44","PPM"
"37.7658","-122.3978","2016-06-27T19:00","PM2.5","8.0","UG/M3"
"37.7658","-122.3978","2016-06-27T19:00","OZONE","21.0","PPB"
"37.7658","-122.3978","2016-06-27T19:00","NO2","6.0","PPB"
"37.7658","-122.3978","2016-06-27T19:00","CO","0.43","PPM"
"37.7658","-122.3978","2016-06-27T20:00","PM2.5","8.4","UG/M3"
"37.7658","-122.3978","2016-06-27T20:00","OZONE","22.0","PPB"
"37.7658","-122.3978","2016-06-27T20:00","NO2","6.0","PPB"
"37.7658","-122.3978","2016-06-27T20:00","CO","0.45","PPM"
"37.7658","-122.3978","2016-06-27T21:00","PM2.5","8.9","UG/M3"
"37.7658","-122.3978","2016-06-27T21:00","OZONE","22.0","PPB"
"37.7658","-122.3978","2016-06-27T21:00","NO2","6.0","PPB"
"37.7658","-122.3978","2016-06-27T21:00","CO","0.46","PPM"
"37.7658","-122.3978","2016-06-27T22:00","PM2.5","8.8","UG/M3"
"37.7658","-122.3978","2016-06-27T22:00","OZONE","21.0","PPB"
"37.7658","-122.3978","2016-06-27T22:00","NO2","5.0","PPB"
"37.7658","-122.3978","2016-06-27T22:00","CO","0.45","PPM"
"37.7658","-122.3978","2016-06-27T23:00","PM2.5","8.9","UG/M3"
"37.7658","-122.3978","2016-06-27T23:00","OZONE","20.0","PPB"
"37.7658","-122.3978","2016-06-27T23:00","NO2","6.0","PPB"
"37.7658","-122.3978","2016-06-27T23:00","CO","0.47","PPM"
"37.7658","-122.3978","2016-06-28T00:00","PM2.5","8.9","UG/M3"
"37.7658","-122.3978","2016-06-28T00:00","OZONE","20.0","PPB"
"37.7658","-122.3978","2016-06-28T00:00","NO2","6.0","PPB"
"37.7658","-122.3978","2016-06-28T00:00","CO","0.48","PPM"
"37.7658","-122.3978","2016-06-28T01:00","PM2.5","8.5","UG/M3"
"37.7658","-122.3978","2016-06-28T01:00","OZONE","19.0","PPB"
"37.7658","-122.3978","2016-06-28T01:00","NO2","7.0","PPB"
"37.7658","-122.3978","2016-06-28T01:00","CO","0.49","PPM"
"37.7658","-122.3978","2016-06-28T02:00","PM2.5","8.2","UG/M3"
"37.7658","-122.3978","2016-06-28T02:00","OZONE","18.0","PPB"
"37.7658","-122.3978","2016-06-28T02:00","NO2","8.0","PPB"
"37.7658","-122.3978","2016-06-28T02:00","CO","0.47","PPM"
"37.7658","-122.3978","2016-06-28T03:00","PM2.5","8.3","UG/M3"
"37.7658","-122.3978","2016-06-28T03:00","OZONE","17.0","PPB"
"37.7658","-122.3978","2016-06-28T03:00","NO2","6.0","PPB"
"37.7658","-122.3978","2016-06-28T03:00","CO","0.44","PPM"
"37.7658","-122.3978","2016-06-28T04:00","PM2.5","8.6","UG/M3"
"37.7658","-122.3978","2016-06-28T04:00","OZONE","16.0","PPB"
"37.7658","-122.3978","2016-06-28T04:00","NO2","5.0","PPB"
"37.7658","-122.3978","2016-06-28T04:00","CO","0.41","PPM"
"37.7658","-122.3978","2016-06-28T05:00","PM2.5","8.8","UG/M3"
"37.7658","-122.3978","2016-06-28T05:00","OZONE","15.0","PPB"
"37.7658","-122.3978","2016-06-28T05:00","NO2","4.0","PPB"
"37.7658","-122.3978","2016-06-28T05:00","CO","0.38","PPM"
"37.7658","-122.3978","2016-06-28T06:00","PM2.5","8.9","UG/M3"
"37.7658","-122.3978","2016-06-28T06:00","OZONE","15.0","PPB"
"37.7658","-122.3978","2016-06-28T06:00","NO2","4.0","PPB"
"37.7658","-122.3978","2016-06-28T06:00","CO","0.37","PPM"
"37.7658","-122.3978","2016-06-28T07:00","PM2.5","8.7","UG/M3"
"37.7658","-122.3978","2016-06-28T07:00","OZONE","15.0","PPB"
"37.7658","-122.3978","2016-06-28T07:00","NO2","3.0","PPB"
"37.7658","-122.3978","2016-06-28T07:00","CO","0.43","PPM"
"37.7658","-122.3978","2016-06-28T08:00","PM2.5","8.6","UG/M3"
"37.7658","-122.3978","2016-06-28T08:00","OZONE","15.0","PPB"
"37.7658","-122.3978","2016-06-28T08:00","NO2","1.0","PPB"
"37.7658","-122.3978","2016-06-28T08:00","CO","0.33","PPM"
"37.7658","-122.3978","2016-06-28T09:00","PM2.5","8.6","UG/M3"
"37.7658","-122.3978","2016-06-28T09:00","OZONE","15.0","PPB"
"37.7658","-122.3978","2016-06-28T09:00","NO2","1.0","PPB"
"37.7658","-122.3978","2016-06-28T09:00","CO","0.33","PPM"
"37.7658","-122.3978","2016-06-28T10:00","PM2.5","8.9","UG/M3"
"37.7658","-122.3978","2016-06-28T10:00","OZONE","15.0","PPB"
"37.7658","-122.3978","2016-06-28T10:00","NO2","3.0","PPB"
"37.7658","-122.3978","2016-06-28T10:00","CO","0.33","PPM"
"37.7658","-122.3978","2016-06-28T11:00","PM2.5","8.9","UG/M3"
"37.7658","-122.3978","2016-06-28T11:00","OZONE","15.0","PPB"
"37.7658","-122.3978","2016-06-28T12:00","PM2.5","9.0","UG/M3"
"37.7658","-122.3978","2016-06-28T12:00","OZONE","16.0","PPB"
"37.7658","-122.3978","2016-06-28T12:00","NO2","9.0","PPB"
"37.7658","-122.3978","2016-06-28T12:00","CO","0.43","PPM"
"37.7658","-122.3978","2016-06-28T13:00","PM2.5","9.4","UG/M3"
"37.7658","-122.3978","2016-06-28T13:00","OZONE","17.0","PPB"
"37.7658","-122.3978","2016-06-28T13:00","NO2","10.0","PPB"
"37.7658","-122.3978","2016-06-28T13:00","CO","0.47","PPM"
"37.7658","-122.3978","2016-06-28T14:00","PM2.5","9.5","UG/M3"
"37.7658","-122.3978","2016-06-28T14:00","OZONE","18.0","PPB"
"37.7658","-122.3978","2016-06-28T14:00","NO2","10.0","PPB"
"37.7658","-122.3978","2016-06-28T14:00","CO","0.43","PPM"
"37.7658","-122.3978","2016-06-28T15:00","PM2.5","9.3","UG/M3"
"37.7658","-122.3978","2016-06-28T15:00","OZONE","18.0","PPB"
"37.7658","-122.3978","2016-06-28T15:00","NO2","7.0","PPB"
"37.7658","-122.3978","2016-06-28T15:00","CO","0.42","PPM"
"37.7658","-122.3978","2016-06-28T16:00","PM2.5","9.3","UG/M3"
"37.7658","-122.3978","2016-06-28T16:00","OZONE","19.0","PPB"
"37.7658","-122.3978","2016-06-28T16:00","NO2","6.0","PPB"
"37.7658","-122.3978","2016-06-28T16:00","CO","0.42","PPM"
"37.7658","-122.3978","2016-06-28T17:00","PM2.5","9.7","UG/M3"
"37.7658","-122.3978","2016-06-28T17:00","OZONE","20.0","PPB"
"37.7658","-122.3978","2016-06-28T17:00","NO2","5.0","PPB"
"37.7658","-122.3978","2016-06-28T17:00","CO","0.4","PPM"
"37.7658","-122.3978","2016-06-28T18:00","PM2.5","10.0","UG/M3"
"37.7658","-122.3978","2016-06-28T18:00","OZONE","20.0","PPB"
"37.7658","-122.3978","2016-06-28T18:00","NO2","5.0","PPB"
"37.7658","-122.3978","2016-06-28T18:00","CO","0.4","PPM"
"37.7658","-122.3978","2016-06-28T19:00","PM2.5","10.0","UG/M3"
"37.7658","-122.3978","2016-06-28T19:00","OZONE","21.0","PPB"
"37.7658","-122.3978","2016-06-28T19:00","NO2","6.0","PPB"
"37.7658","-122.3978","2016-06-28T19:00","CO","0.41","PPM"
"37.7658","-122.3978","2016-06-28T20:00","PM2.5","10.0","UG/M3"
"37.7658","-122.3978","2016-06-28T20:00","OZONE","21.0","PPB"
"37.7658","-122.3978","2016-06-28T20:00","NO2","5.0","PPB"
"37.7658","-122.3978","2016-06-28T20:00","CO","0.4","PPM"
"37.7658","-122.3978","2016-06-28T21:00","PM2.5","9.9","UG/M3"
"37.7658","-122.3978","2016-06-28T21:00","OZONE","21.0","PPB"
"37.7658","-122.3978","2016-06-28T21:00","NO2","5.0","PPB"
"37.7658","-122.3978","2016-06-28T21:00","CO","0.42","PPM"
"37.7658","-122.3978","2016-06-28T22:00","PM2.5","10.1","UG/M3"
"37.7658","-122.3978","2016-06-28T22:00","OZONE","21.0","PPB"
"37.7658","-122.3978","2016-06-28T22:00","NO2","5.0","PPB"
"37.7658","-122.3978","2016-06-28T22:00","CO","0.44","PPM"
"37.7658","-122.3978","2016-06-28T23:00","PM2.5","10.2","UG/M3"
"37.7658","-122.3978","2016-06-28T23:00","OZONE","20.0","PPB"
"37.7658","-122.3978","2016-06-28T23:00","NO2","4.0","PPB"
"37.7658","-122.3978","2016-06-28T23:00","CO","0.44","PPM"
"37.7658","-122.3978","2016-06-29T00:00","PM2.5","10.3","UG/M3"
"37.7658","-122.3978","2016-06-29T00:00","OZONE","20.0","PPB"
"37.7658","-122.3978","2016-06-29T00:00","NO2","4.0","PPB"
"37.7658","-122.3978","2016-06-29T00:00","CO","0.43","PPM"
"37.7658","-122.3978","2016-06-29T01:00","PM2.5","11.0","UG/M3"
"37.7658","-122.3978","2016-06-29T01:00","OZONE","20.0","PPB"
"37.7658","-122.3978","2016-06-29T01:00","NO2","4.0","PPB"
"37.7658","-122.3978","2016-06-29T01:00","CO","0.41","PPM"
"37.7658","-122.3978","2016-06-29T02:00","PM2.5","11.1","UG/M3"
"37.7658","-122.3978","2016-06-29T02:00","OZONE","20.0","PPB"
"37.7658","-122.3978","2016-06-29T02:00","NO2","4.0","PPB"
"37.7658","-122.3978","2016-06-29T02:00","CO","0.4","PPM"
"37.7658","-122.3978","2016-06-29T03:00","PM2.5","11.1","UG/M3"
"37.7658","-122.3978","2016-06-29T03:00","OZONE","20.0","PPB"
"37.7658","-122.3978","2016-06-29T03:00","NO2","6.0","PPB"
"37.7658","-122.3978","2016-06-29T03:00","CO","0.41","PPM"
"37.7658","-122.3978","2016-06-29T04:00","PM2.5","11.2","UG/M3"
"37.7658","-122.3978","2016-06-29T04:00","OZONE","20.0","PPB"
"37.7658","-122.3978","2016-06-29T04:00","NO2","6.0","PPB"
"37.7658","-122.3978","2016-06-29T04:00","CO","0.4","PPM"
"37.7658","-122.3978","2016-06-29T05:00","PM2.5","11.2","UG/M3"
"37.7658","-122.3978","2016-06-29T05:00","OZONE","20.0","PPB"
"37.7658","-122.3978","2016-06-29T05:00","NO2","5.0","PPB"
"37.7658","-122.3978","2016-06-29T05:00","CO","0.38","PPM"
"37.7658","-122.3978","2016-06-29T06:00","PM2.5","11.4","UG/M3"
"37.7658","-122.3978","2016-06-29T06:00","OZONE","20.0","PPB"
"37.7658","-122.3978","2016-06-29T06:00","NO2","4.0","PPB"
"37.7658","-122.3978","2016-06-29T06:00","CO","0.37","PPM"
"37.7658","-122.3978","2016-06-29T07:00","PM2.5","11.5","UG/M3"
"37.7658","-122.3978","2016-06-29T07:00","OZONE","20.0","PPB"
"37.7658","-122.3978","2016-06-29T07:00","NO2","3.0","PPB"
"37.7658","-122.3978","2016-06-29T07:00","CO","0.36","PPM"
"37.7658","-122.3978","2016-06-29T08:00","PM2.5","11.9","UG/M3"
"37.7658","-122.3978","2016-06-29T08:00","OZONE","20.0","PPB"
"37.7658","-122.3978","2016-06-29T08:00","NO2","2.0","PPB"
"37.7658","-122.3978","2016-06-29T08:00","CO","0.35","PPM"
"37.7658","-122.3978","2016-06-29T09:00","PM2.5","12.2","UG/M3"
"37.7658","-122.3978","2016-06-29T09:00","OZONE","20.0","PPB"
"37.7658","-122.3978","2016-06-29T09:00","NO2","2.0","PPB"
"37.7658","-122.3978","2016-06-29T09:00","CO","0.34","PPM"
"37.7658","-122.3978","2016-06-29T10:00","PM2.5","12.2","UG/M3"
"37.7658","-122.3978","2016-06-29T10:00","OZONE","19.0","PPB"
"37.7658","-122.3978","2016-06-29T10:00","NO2","2.0","PPB"
"37.7658","-122.3978","2016-06-29T10:00","CO","0.34","PPM"
"37.7658","-122.3978","2016-06-29T11:00","PM2.5","12.6","UG/M3"
"37.7658","-122.3978","2016-06-29T11:00","OZONE","19.0","PPB"
"37.7658","-122.3978","2016-06-29T12:00","PM2.5","12.4","UG/M3"
"37.7658","-122.3978","2016-06-29T12:00","OZONE","19.0","PPB"
"37.7658","-122.3978","2016-06-29T12:00","NO2","7.0","PPB"
"37.7658","-122.3978","2016-06-29T12:00","CO","0.44","PPM"
"37.7658","-122.3978","2016-06-29T13:00","PM2.5","12.3","UG/M3"
"37.7658","-122.3978","2016-06-29T13:00","OZONE","18.0","PPB"
"37.7658","-122.3978","2016-06-29T13:00","NO2","10.0","PPB"
"37.7658","-122.3978","2016-06-29T13:00","CO","0.43","PPM"
"37.7658","-122.3978","2016-06-29T14:00","PM2.5","12.0","UG/M3"
"37.7658","-122.3978","2016-06-29T14:00","OZONE","18.0","PPB"
"37.7658","-122.3978","2016-06-29T14:00","NO2","6.0","PPB"
"37.7658","-122.3978","2016-06-29T14:00","CO","0.42","PPM"
"37.7658","-122.3978","2016-06-29T15:00","PM2.5","12.1","UG/M3"
"37.7658","-122.3978","2016-06-29T15:00","OZONE","18.0","PPB"
"37.7658","-122.3978","2016-06-29T16:00","PM2.5","12.3","UG/M3"
"37.7658","-122.3978","2016-06-29T16:00","OZONE","18.0","PPB"
"37.7658","-122.3978","2016-06-29T17:00","PM2.5","12.0","UG/M3"
"37.7658","-122.3978","2016-06-29T17:00","OZONE","18.0","PPB"
"37.7658","-122.3978","2016-06-29T17:00","NO2","3.0","PPB"
"37.7658","-122.3978","2016-06-29T17:00","CO","0.22","PPM"
"37.7658","-122.3978","2016-06-29T18:00","PM2.5","11.5","UG/M3"
"37.7658","-122.3978","2016-06-29T18:00","OZONE","19.0","PPB"
"37.7658","-122.3978","2016-06-29T18:00","NO2","2.0","PPB"
"37.7658","-122.3978","2016-06-29T18:00","CO","0.21","PPM"
"37.7658","-122.3978","2016-06-29T19:00","PM2.5","11.6","UG/M3"
"37.7658","-122.3978","2016-06-29T19:00","OZONE","19.0","PPB"
"37.7658","-122.3978","2016-06-29T19:00","NO2","1.0","PPB"
"37.7658","-122.3978","2016-06-29T19:00","CO","0.21","PPM"
"37.7658","-122.3978","2016-06-29T20:00","PM2.5","11.6","UG/M3"
"37.7658","-122.3978","2016-06-29T20:00","OZONE","20.0","PPB"
"37.7658","-122.3978","2016-06-29T20:00","NO2","1.0","PPB"
"37.7658","-122.3978","2016-06-29T20:00","CO","0.22","PPM"
"37.7658","-122.3978","2016-06-29T21:00","PM2.5","11.8","UG/M3"
"37.7658","-122.3978","2016-06-29T21:00","OZONE","20.0","PPB"
"37.7658","-122.3978","2016-06-29T21:00","NO2","1.0","PPB"
"37.7658","-122.3978","2016-06-29T21:00","CO","0.24","PPM"
"37.7658","-122.3978","2016-06-29T22:00","PM2.5","12.2","UG/M3"
"37.7658","-122.3978","2016-06-29T22:00","OZONE","20.0","PPB"
"37.7658","-122.3978","2016-06-29T22:00","NO2","1.0","PPB"
"37.7658","-122.3978","2016-06-29T22:00","CO","0.23","PPM"
"37.7658","-122.3978","2016-06-29T23:00","PM2.5","12.3","UG/M3"
"37.7658","-122.3978","2016-06-29T23:00","OZONE","21.0","PPB"
"37.7658","-122.3978","2016-06-29T23:00","NO2","1.0","PPB"
"37.7658","-122.3978","2016-06-29T23:00","CO","0.23","PPM"
"37.7658","-122.3978","2016-06-30T00:00","PM2.5","12.8","UG/M3"
"37.7658","-122.3978","2016-06-30T00:00","OZONE","21.0","PPB"
"37.7658","-122.3978","2016-06-30T00:00","NO2","2.0","PPB"
"37.7658","-122.3978","2016-06-30T00:00","CO","0.23","PPM"
"37.7658","-122.3978","2016-06-30T01:00","PM2.5","12.4","UG/M3"
"37.7658","-122.3978","2016-06-30T01:00","OZONE","22.0","PPB"
"37.7658","-122.3978","2016-06-30T01:00","NO2","1.0","PPB"
"37.7658","-122.3978","2016-06-30T01:00","CO","0.22","PPM"
"37.7658","-122.3978","2016-06-30T02:00","PM2.5","12.6","UG/M3"
"37.7658","-122.3978","2016-06-30T02:00","OZONE","22.0","PPB"
"37.7658","-122.3978","2016-06-30T02:00","NO2","1.0","PPB"
"37.7658","-122.3978","2016-06-30T02:00","CO","0.2","PPM"
"37.7658","-122.3978","2016-06-30T03:00","PM2.5","12.7","UG/M3"
"37.7658","-122.3978","2016-06-30T03:00","OZONE","23.0","PPB"
"37.7658","-122.3978","2016-06-30T03:00","NO2","2.0","PPB"
"37.7658","-122.3978","2016-06-30T03:00","CO","0.21","PPM"
"37.7658","-122.3978","2016-06-30T04:00","PM2.5","12.9","UG/M3"
"37.7658","-122.3978","2016-06-30T04:00","OZONE","23.0","PPB"
"37.7658","-122.3978","2016-06-30T04:00","NO2","1.0","PPB"
"37.7658","-122.3978","2016-06-30T04:00","CO","0.2","PPM"
"37.7658","-122.3978","2016-06-30T05:00","PM2.5","13.2","UG/M3"
"37.7658","-122.3978","2016-06-30T05:00","OZONE","22.0","PPB"
"37.7658","-122.3978","2016-06-30T05:00","NO2","1.0","PPB"
"37.7658","-122.3978","2016-06-30T05:00","CO","0.19","PPM"
"37.7658","-122.3978","2016-06-30T06:00","PM2.5","13.0","UG/M3"
"37.7658","-122.3978","2016-06-30T06:00","OZONE","22.0","PPB"
"37.7658","-122.3978","2016-06-30T06:00","NO2","0.0","PPB"
"37.7658","-122.3978","2016-06-30T06:00","CO","0.18","PPM"
"37.7658","-122.3978","2016-06-30T07:00","PM2.5","13.0","UG/M3"
"37.7658","-122.3978","2016-06-30T07:00","OZONE","22.0","PPB"
"37.7658","-122.3978","2016-06-30T07:00","NO2","1.0","PPB"
"37.7658","-122.3978","2016-06-30T07:00","CO","0.24","PPM"
"37.7658","-122.3978","2016-06-30T08:00","PM2.5","13.1","UG/M3"
"37.7658","-122.3978","2016-06-30T08:00","OZONE","22.0","PPB"
"37.7658","-122.3978","2016-06-30T08:00","NO2","0.0","PPB"
"37.7658","-122.3978","2016-06-30T08:00","CO","0.2","PPM"
"37.7658","-122.3978","2016-06-30T09:00","PM2.5","13.3","UG/M3"
"37.7658","-122.3978","2016-06-30T09:00","OZONE","21.0","PPB"
"37.7658","-122.3978","2016-06-30T09:00","NO2","0.0","PPB"
"37.7658","-122.3978","2016-06-30T09:00","CO","0.17","PPM"
"37.7658","-122.3978","2016-06-30T10:00","PM2.5","13.6","UG/M3"
"37.7658","-122.3978","2016-06-30T10:00","OZONE","20.0","PPB"
"37.7658","-122.3978","2016-06-30T10:00","NO2","0.0","PPB"
"37.7658","-122.3978","2016-06-30T10:00","CO","0.17","PPM"
"37.7658","-122.3978","2016-06-30T11:00","PM2.5","13.7","UG/M3"
"37.7658","-122.3978","2016-06-30T11:00","OZONE","19.0","PPB"
"37.7658","-122.3978","2016-06-30T12:00","PM2.5","13.9","UG/M3"
"37.7658","-122.3978","2016-06-30T12:00","OZONE","19.0","PPB"
"37.7658","-122.3978","2016-06-30T12:00","NO2","5.0","PPB"
"37.7658","-122.3978","2016-06-30T12:00","CO","0.27","PPM"
"37.7658","-122.3978","2016-06-30T13:00","PM2.5","13.9","UG/M3"
"37.7658","-122.3978","2016-06-30T13:00","OZONE","18.0","PPB"
"37.7658","-122.3978","2016-06-30T13:00","NO2","6.0","PPB"
"37.7658","-122.3978","2016-06-30T13:00","CO","0.26","PPM"
"37.7658","-122.3978","2016-06-30T14:00","PM2.5","14.3","UG/M3"
"37.7658","-122.3978","2016-06-30T14:00","OZONE","18.0","PPB"
"37.7658","-122.3978","2016-06-30T14:00","NO2","7.0","PPB"
"37.7658","-122.3978","2016-06-30T14:00","CO","0.25","PPM"
"37.7658","-122.3978","2016-06-30T15:00","PM2.5","14.6","UG/M3"
"37.7658","-122.3978","2016-06-30T15:00","OZONE","19.0","PPB"
"37.7658","-122.3978","2016-06-30T15:00","NO2","5.0","PPB"
"37.7658","-122.3978","2016-06-30T15:00","CO","0.25","PPM"
"37.7658","-122.3978","2016-06-30T16:00","PM2.5","14.5","UG/M3"
"37.7658","-122.3978","2016-06-30T16:00","OZONE","19.0","PPB"
"37.7658","-122.3978","2016-06-30T16:00","NO2","4.0","PPB"
"37.7658","-122.3978","2016-06-30T16:00","CO","0.26","PPM"
"37.7658","-122.3978","2016-06-30T17:00","PM2.5","14.5","UG/M3"
"37.7658","-122.3978","2016-06-30T17:00","OZONE","20.0","PPB"
"37.7658","-122.3978","2016-06-30T17:00","NO2","4.0","PPB"
"37.7658","-122.3978","2016-06-30T17:00","CO","0.26","PPM"
"37.7658","-122.3978","2016-06-30T18:00","PM2.5","14.8","UG/M3"
"37.7658","-122.3978","2016-06-30T18:00","OZONE","21.0","PPB"
"37.7658","-122.3978","2016-06-30T18:00","NO2","3.0","PPB"
"37.7658","-122.3978","2016-06-30T18:00","CO","0.25","PPM"
"37.7658","-122.3978","2016-06-30T19:00","PM2.5","14.9","UG/M3"
"37.7658","-122.3978","2016-06-30T19:00","OZONE","22.0","PPB"
"37.7658","-122.3978","2016-06-30T19:00","NO2","3.0","PPB"
"37.7658","-122.3978","2016-06-30T19:00","CO","0.24","PPM"
"37.7658","-122.3978","2016-06-30T20:00","PM2.5","14.8","UG/M3"
"37.7658","-122.3978","2016-06-30T20:00","OZONE","23.0","PPB"
"37.7658","-122.3978","2016-06-30T20:00","NO2","2.0","PPB"
"37.7658","-122.3978","2016-06-30T20:00","CO","0.24","PPM"
"37.7658","-122.3978","2016-06-30T21:00","PM2.5","14.7","UG/M3"
"37.7658","-122.3978","2016-06-30T21:00","OZONE","23.0","PPB"
"37.7658","-122.3978","2016-06-30T21:00","NO2","4.0","PPB"
"37.7658","-122.3978","2016-06-30T21:00","CO","0.27","PPM"
"37.7658","-122.3978","2016-06-30T22:00","PM2.5","14.6","UG/M3"
"37.7658","-122.3978","2016-06-30T22:00","OZONE","23.0","PPB"
"37.7658","-122.3978","2016-06-30T22:00","NO2","4.0","PPB"
"37.7658","-122.3978","2016-06-30T22:00","CO","0.28","PPM"
"37.7658","-122.3978","2016-06-30T23:00","PM2.5","14.8","UG/M3"
"37.7658","-122.3978","2016-06-30T23:00","OZONE","23.0","PPB"
"37.7658","-122.3978","2016-06-30T23:00","NO2","4.0","PPB"
"37.7658","-122.3978","2016-06-30T23:00","CO","0.3","PPM"
"37.7658","-122.3978","2016-07-01T00:00","PM2.5","14.7","UG/M3"
"37.7658","-122.3978","2016-07-01T00:00","OZONE","22.0","PPB"
"37.7658","-122.3978","2016-07-01T00:00","NO2","4.0","PPB"
"37.7658","-122.3978","2016-07-01T00:00","CO","0.3","PPM"
"37.7658","-122.3978","2016-07-01T01:00","PM2.5","15.2","UG/M3"
"37.7658","-122.3978","2016-07-01T01:00","OZONE","22.0","PPB"
"37.7658","-122.3978","2016-07-01T01:00","NO2","4.0","PPB"
"37.7658","-122.3978","2016-07-01T01:00","CO","0.29","PPM"
"37.7658","-122.3978","2016-07-01T02:00","PM2.5","15.4","UG/M3"
"37.7658","-122.3978","2016-07-01T02:00","OZONE","21.0","PPB"
"37.7658","-122.3978","2016-07-01T02:00","NO2","4.0","PPB"
"37.7658","-122.3978","2016-07-01T02:00","CO","0.25","PPM"
"37.7658","-122.3978","2016-07-01T03:00","PM2.5","15.3","UG/M3"
"37.7658","-122.3978","2016-07-01T03:00","OZONE","21.0","PPB"
"37.7658","-122.3978","2016-07-01T03:00","NO2","4.0","PPB"
"37.7658","-122.3978","2016-07-01T03:00","CO","0.26","PPM"
"37.7658","-122.3978","2016-07-01T04:00","PM2.5","15.5","UG/M3"
"37.7658","-122.3978","2016-07-01T04:00","OZONE","21.0","PPB"
"37.7658","-122.3978","2016-07-01T04:00","NO2","3.0","PPB"
"37.7658","-122.3978","2016-07-01T04:00","CO","0.23","PPM"
"37.7658","-122.3978","2016-07-01T05:00","PM2.5","15.2","UG/M3"
"37.7658","-122.3978","2016-07-01T05:00","OZONE","21.0","PPB"
"37.7658","-122.3978","2016-07-01T05:00","NO2","2.0","PPB"
"37.7658","-122.3978","2016-07-01T05:00","CO","0.2","PPM"
"37.7658","-122.3978","2016-07-01T06:00","PM2.5","15.4","UG/M3"
"37.7658","-122.3978","2016-07-01T06:00","OZONE","21.0","PPB"
"37.7658","-122.3978","2016-07-01T06:00","NO2","2.0","PPB"
"37.7658","-122.3978","2016-07-01T06:00","CO","0.2","PPM"
"37.7658","-122.3978","2016-07-01T07:00","PM2.5","15.2","UG/M3"
"37.7658","-122.3978","2016-07-01T07:00","OZONE","21.0","PPB"
"37.7658","-122.3978","2016-07-01T07:00","NO2","1.0","PPB"
"37.7658","-122.3978","2016-07-01T07:00","CO","0.19","PPM"
"37.7658","-122.3978","2016-07-01T08:00","PM2.5","14.9","UG/M3"
"37.7658","-122.3978","2016-07-01T08:00","OZONE","22.0","PPB"
"37.7658","-122.3978","2016-07-01T08:00","NO2","1.0","PPB"
"37.7658","-122.3978","2016-07-01T08:00","CO","0.19","PPM"
"37.7658","-122.3978","2016-07-01T09:00","PM2.5","14.6","UG/M3"
"37.7658","-122.3978","2016-07-01T09:00","OZONE","21.0","PPB"
"37.7658","-122.3978","2016-07-01T09:00","NO2","0.0","PPB"
"37.7658","-122.3978","2016-07-01T09:00","CO","0.18","PPM"
"37.7658","-122.3978","2016-07-01T10:00","PM2.5","14.4","UG/M3"
"37.7658","-122.3978","2016-07-01T10:00","OZONE","21.0","PPB"
"37.7658","-122.3978","2016-07-01T10:00","NO2","0.0","PPB"
"37.7658","-122.3978","2016-07-01T10:00","CO","0.18","PPM"
"37.7658","-122.3978","2016-07-01T11:00","PM2.5","13.9","UG/M3"
"37.7658","-122.3978","2016-07-01T11:00","OZONE","20.0","PPB"
"37.7658","-122.3978","2016-07-01T12:00","PM2.5","13.7","UG/M3"
"37.7658","-122.3978","2016-07-01T12:00","OZONE","20.0","PPB"
"37.7658","-122.3978","2016-07-01T12:00","NO2","3.0","PPB"
"37.7658","-122.3978","2016-07-01T12:00","CO","0.25","PPM"
"37.7658","-122.3978","2016-07-01T13:00","PM2.5","13.5","UG/M3"
"37.7658","-122.3978","2016-07-01T13:00","OZONE","20.0","PPB"
"37.7658","-122.3978","2016-07-01T13:00","NO2","4.0","PPB"
"37.7658","-122.3978","2016-07-01T13:00","CO","0.23","PPM"
"37.7658","-122.3978","2016-07-01T14:00","PM2.5","13.0","UG/M3"
"37.7658","-122.3978","2016-07-01T14:00","OZONE","20.0","PPB"
"37.7658","-122.3978","2016-07-01T15:00","PM2.5","12.7","UG/M3"
"37.7658","-122.3978","2016-07-01T15:00","OZONE","20.0","PPB"
"37.7658","-122.3978","2016-07-01T15:00","NO2","3.0","PPB"
"37.7658","-122.3978","2016-07-01T15:00","CO","0.22","PPM"
"37.7658","-122.3978","2016-07-01T16:00","PM2.5","12.6","UG/M3"
"37.7658","-122.3978","2016-07-01T16:00","OZONE","20.0","PPB"
"37.7658","-122.3978","2016-07-01T16:00","NO2","2.0","PPB"
"37.7658","-122.3978","2016-07-01T16:00","CO","0.24","PPM"
"37.7658","-122.3978","2016-07-01T17:00","PM2.5","12.7","UG/M3"
"37.7658","-122.3978","2016-07-01T17:00","OZONE","20.0","PPB"
"37.7658","-122.3978","2016-07-01T17:00","NO2","1.0","PPB"
"37.7658","-122.3978","2016-07-01T17:00","CO","0.21","PPM"
"37.7658","-122.3978","2016-07-01T18:00","PM2.5","12.6","UG/M3"
"37.7658","-122.3978","2016-07-01T18:00","OZONE","21.0","PPB"
"37.7658","-122.3978","2016-07-01T18:00","NO2","1.0","PPB"
"37.7658","-122.3978","2016-07-01T18:00","CO","0.21","PPM"
"37.7658","-122.3978","2016-07-01T19:00","PM2.5","12.5","UG/M3"
"37.7658","-122.3978","2016-07-01T19:00","OZONE","21.0","PPB"
"37.7658","-122.3978","2016-07-01T19:00","NO2","1.0","PPB"
"37.7658","-122.3978","2016-07-01T19:00","CO","0.22","PPM"
"37.7658","-122.3978","2016-07-01T20:00","PM2.5","12.2","UG/M3"
"37.7658","-122.3978","2016-07-01T20:00","OZONE","21.0","PPB"
"37.7658","-122.3978","2016-07-01T20:00","NO2","1.0","PPB"
"37.7658","-122.3978","2016-07-01T20:00","CO","0.23","PPM"
"37.7658","-122.3978","2016-07-01T21:00","PM2.5","11.7","UG/M3"
"37.7658","-122.3978","2016-07-01T21:00","OZONE","21.0","PPB"
"37.7658","-122.3978","2016-07-01T21:00","NO2","1.0","PPB"
"37.7658","-122.3978","2016-07-01T21:00","CO","0.23","PPM"
"37.7658","-122.3978","2016-07-01T22:00","PM2.5","11.3","UG/M3"
"37.7658","-122.3978","2016-07-01T22:00","OZONE","21.0","PPB"
"37.7658","-122.3978","2016-07-01T22:00","NO2","1.0","PPB"
"37.7658","-122.3978","2016-07-01T22:00","CO","0.23","PPM"
"37.7658","-122.3978","2016-07-01T23:00","PM2.5","10.7","UG/M3"
"37.7658","-122.3978","2016-07-01T23:00","OZONE","21.0","PPB"
"37.7658","-122.3978","2016-07-01T23:00","NO2","2.0","PPB"
"37.7658","-122.3978","2016-07-01T23:00","CO","0.24","PPM"
"37.7658","-122.3978","2016-07-02T00:00","PM2.5","10.2","UG/M3"
"37.7658","-122.3978","2016-07-02T00:00","OZONE","21.0","PPB"
"37.7658","-122.3978","2016-07-02T00:00","NO2","1.0","PPB"
"37.7658","-122.3978","2016-07-02T00:00","CO","0.23","PPM"
"37.7658","-122.3978","2016-07-02T01:00","PM2.5","9.9","UG/M3"
"37.7658","-122.3978","2016-07-02T01:00","OZONE","21.0","PPB"
"37.7658","-122.3978","2016-07-02T01:00","NO2","1.0","PPB"
"37.7658","-122.3978","2016-07-02T01:00","CO","0.23","PPM"
"37.7658","-122.3978","2016-07-02T02:00","PM2.5","9.5","UG/M3"
"37.7658","-122.3978","2016-07-02T02:00","OZONE","21.0","PPB"
"37.7658","-122.3978","2016-07-02T02:00","NO2","1.0","PPB"
"37.7658","-122.3978","2016-07-02T02:00","CO","0.23","PPM"
"37.7658","-122.3978","2016-07-02T03:00","PM2.5","9.2","UG/M3"
"37.7658","-122.3978","2016-07-02T03:00","OZONE","20.0","PPB"
"37.7658","-122.3978","2016-07-02T03:00","NO2","1.0","PPB"
"37.7658","-122.3978","2016-07-02T03:00","CO","0.22","PPM"
"37.7658","-122.3978","2016-07-02T04:00","PM2.5","8.6","UG/M3"
"37.7658","-122.3978","2016-07-02T04:00","OZONE","21.0","PPB"
"37.7658","-122.3978","2016-07-02T04:00","NO2","1.0","PPB"
"37.7658","-122.3978","2016-07-02T04:00","CO","0.22","PPM"
"37.7658","-122.3978","2016-07-02T05:00","PM2.5","8.3","UG/M3"
"37.7658","-122.3978","2016-07-02T05:00","OZONE","21.0","PPB"
"37.7658","-122.3978","2016-07-02T05:00","NO2","2.0","PPB"
"37.7658","-122.3978","2016-07-02T05:00","CO","0.23","PPM"
"37.7658","-122.3978","2016-07-02T06:00","PM2.5","8.1","UG/M3"
"37.7658","-122.3978","2016-07-02T06:00","OZONE","21.0","PPB"
"37.7658","-122.3978","2016-07-02T06:00","NO2","1.0","PPB"
"37.7658","-122.3978","2016-07-02T06:00","CO","0.22","PPM"
"37.7658","-122.3978","2016-07-02T07:00","PM2.5","7.9","UG/M3"
"37.7658","-122.3978","2016-07-02T07:00","OZONE","21.0","PPB"
"37.7658","-122.3978","2016-07-02T07:00","NO2","1.0","PPB"
"37.7658","-122.3978","2016-07-02T07:00","CO","0.21","PPM"
"37.7658","-122.3978","2016-07-02T08:00","PM2.5","7.9","UG/M3"
"37.7658","-122.3978","2016-07-02T08:00","OZONE","21.0","PPB"
"37.7658","-122.3978","2016-07-02T08:00","NO2","0.0","PPB"
"37.7658","-122.3978","2016-07-02T08:00","CO","0.24","PPM"
"37.7658","-122.3978","2016-07-02T09:00","PM2.5","7.3","UG/M3"
"37.7658","-122.3978","2016-07-02T09:00","OZONE","21.0","PPB"
"37.7658","-122.3978","2016-07-02T09:00","NO2","0.0","PPB"
"37.7658","-122.3978","2016-07-02T09:00","CO","0.21","PPM"
"37.7658","-122.3978","2016-07-02T10:00","PM2.5","6.8","UG/M3"
"37.7658","-122.3978","2016-07-02T10:00","OZONE","21.0","PPB"
"37.7658","-122.3978","2016-07-02T10:00","NO2","0.0","PPB"
"37.7658","-122.3978","2016-07-02T10:00","CO","0.21","PPM"
"37.7658","-122.3978","2016-07-02T11:00","PM2.5","6.6","UG/M3"
"37.7658","-122.3978","2016-07-02T11:00","OZONE","21.0","PPB"
"37.7658","-122.3978","2016-07-02T12:00","PM2.5","6.3","UG/M3"
"37.7658","-122.3978","2016-07-02T12:00","OZONE","20.0","PPB"
"37.7658","-122.3978","2016-07-02T12:00","NO2","0.0","PPB"
"37.7658","-122.3978","2016-07-02T12:00","CO","0.2","PPM"
"37.7658","-122.3978","2016-07-02T13:00","PM2.5","6.1","UG/M3"
"37.7658","-122.3978","2016-07-02T13:00","OZONE","20.0","PPB"
"37.7658","-122.3978","2016-07-02T13:00","NO2","2.0","PPB"
"37.7658","-122.3978","2016-07-02T13:00","CO","0.22","PPM"
"37.7658","-122.3978","2016-07-02T14:00","PM2.5","5.7","UG/M3"
"37.7658","-122.3978","2016-07-02T14:00","OZONE","20.0","PPB"
"37.7658","-122.3978","2016-07-02T14:00","NO2","1.0","PPB"
"37.7658","-122.3978","2016-07-02T14:00","CO","0.22","PPM"
"37.7658","-122.3978","2016-07-02T15:00","PM2.5","4.9","UG/M3"
"37.7658","-122.3978","2016-07-02T15:00","OZONE","20.0","PPB"
"37.7658","-122.3978","2016-07-02T15:00","NO2","2.0","PPB"
"37.7658","-122.3978","2016-07-02T15:00","CO","0.22","PPM"
"37.7658","-122.3978","2016-07-02T16:00","OZONE","20.0","PPB"
"37.7658","-122.3978","2016-07-02T16:00","PM2.5","4.5","UG/M3"
"37.7658","-122.3978","2016-07-02T16:00","NO2","3.0","PPB"
"37.7658","-122.3978","2016-07-02T16:00","CO","0.25","PPM"
"37.7658","-122.3978","2016-07-02T17:00","OZONE","20.0","PPB"
"37.7658","-122.3978","2016-07-02T17:00","PM2.5","4.0","UG/M3"
"37.7658","-122.3978","2016-07-02T17:00","NO2","3.0","PPB"
"37.7658","-122.3978","2016-07-02T17:00","CO","0.25","PPM"
"37.7658","-122.3978","2016-07-02T18:00","OZONE","20.0","PPB"
"37.7658","-122.3978","2016-07-02T18:00","PM2.5","3.4","UG/M3"
"37.7658","-122.3978","2016-07-02T18:00","NO2","1.0","PPB"
"37.7658","-122.3978","2016-07-02T18:00","CO","0.23","PPM"
"37.7658","-122.3978","2016-07-02T19:00","OZONE","19.0","PPB"
"37.7658","-122.3978","2016-07-02T19:00","PM2.5","3.1","UG/M3"
"37.7658","-122.3978","2016-07-02T19:00","NO2","0.0","PPB"
"37.7658","-122.3978","2016-07-02T19:00","CO","0.23","PPM"
"37.7658","-122.3978","2016-07-02T20:00","OZONE","19.0","PPB"
"37.7658","-122.3978","2016-07-02T20:00","PM2.5","3.0","UG/M3"
"37.7658","-122.3978","2016-07-02T20:00","NO2","0.0","PPB"
"37.7658","-122.3978","2016-07-02T20:00","CO","0.23","PPM"
"37.7658","-122.3978","2016-07-02T21:00","OZONE","18.0","PPB"
"37.7658","-122.3978","2016-07-02T21:00","PM2.5","3.1","UG/M3"
"37.7658","-122.3978","2016-07-02T21:00","NO2","0.0","PPB"
"37.7658","-122.3978","2016-07-02T21:00","CO","0.22","PPM"
"37.7658","-122.3978","2016-07-02T22:00","OZONE","18.0","PPB"
"37.7658","-122.3978","2016-07-02T22:00","PM2.5","2.9","UG/M3"
"37.7658","-122.3978","2016-07-02T22:00","NO2","0.0","PPB"
"37.7658","-122.3978","2016-07-02T22:00","CO","0.22","PPM"
"37.7658","-122.3978","2016-07-02T23:00","OZONE","17.0","PPB"
"37.7658","-122.3978","2016-07-02T23:00","PM2.5","2.8","UG/M3"
"37.7658","-122.3978","2016-07-02T23:00","NO2","0.0","PPB"
"37.7658","-122.3978","2016-07-02T23:00","CO","0.22","PPM"
"37.7658","-122.3978","2016-07-03T00:00","OZONE","17.0","PPB"
"37.7658","-122.3978","2016-07-03T00:00","PM2.5","2.6","UG/M3"
"37.7658","-122.3978","2016-07-03T00:00","NO2","0.0","PPB"
"37.7658","-122.3978","2016-07-03T00:00","CO","0.22","PPM"
"37.7658","-122.3978","2016-07-03T01:00","OZONE","17.0","PPB"
"37.7658","-122.3978","2016-07-03T01:00","PM2.5","2.1","UG/M3"
"37.7658","-122.3978","2016-07-03T01:00","NO2","0.0","PPB"
"37.7658","-122.3978","2016-07-03T01:00","CO","0.22","PPM"
"37.7658","-122.3978","2016-07-03T02:00","OZONE","17.0","PPB"
"37.7658","-122.3978","2016-07-03T02:00","PM2.5","1.8","UG/M3"
"37.7658","-122.3978","2016-07-03T02:00","NO2","0.0","PPB"
"37.7658","-122.3978","2016-07-03T02:00","CO","0.21","PPM"
"37.7658","-122.3978","2016-07-03T03:00","OZONE","17.0","PPB"
"37.7658","-122.3978","2016-07-03T03:00","PM2.5","1.5","UG/M3"
"37.7658","-122.3978","2016-07-03T03:00","NO2","0.0","PPB"
"37.7658","-122.3978","2016-07-03T03:00","CO","0.22","PPM"
"37.7658","-122.3978","2016-07-03T04:00","OZONE","17.0","PPB"
"37.7658","-122.3978","2016-07-03T04:00","PM2.5","1.3","UG/M3"
"37.7658","-122.3978","2016-07-03T04:00","NO2","1.0","PPB"
"37.7658","-122.3978","2016-07-03T04:00","CO","0.22","PPM"
"37.7658","-122.3978","2016-07-03T05:00","OZONE","17.0","PPB"
"37.7658","-122.3978","2016-07-03T05:00","PM2.5","1.1","UG/M3"
"37.7658","-122.3978","2016-07-03T05:00","NO2","0.0","PPB"
"37.7658","-122.3978","2016-07-03T05:00","CO","0.21","PPM"
"37.7658","-122.3978","2016-07-03T06:00","OZONE","17.0","PPB"
"37.7658","-122.3978","2016-07-03T06:00","PM2.5","1.0","UG/M3"
"37.7658","-122.3978","2016-07-03T06:00","NO2","0.0","PPB"
"37.7658","-122.3978","2016-07-03T06:00","CO","0.21","PPM"
"37.7658","-122.3978","2016-07-03T07:00","OZONE","17.0","PPB"
"37.7658","-122.3978","2016-07-03T07:00","PM2.5","1.2","UG/M3"
"37.7658","-122.3978","2016-07-03T07:00","NO2","0.0","PPB"
"37.7658","-122.3978","2016-07-03T07:00","CO","0.22","PPM"
"37.7658","-122.3978","2016-07-03T08:00","OZONE","17.0","PPB"
"37.7658","-122.3978","2016-07-03T08:00","PM2.5","1.2","UG/M3"
"37.7658","-122.3978","2016-07-03T08:00","NO2","0.0","PPB"
"37.7658","-122.3978","2016-07-03T08:00","CO","0.21","PPM"
"37.7658","-122.3978","2016-07-03T09:00","OZONE","17.0","PPB"
"37.7658","-122.3978","2016-07-03T09:00","PM2.5","1.5","UG/M3"
"37.7658","-122.3978","2016-07-03T09:00","NO2","0.0","PPB"
"37.7658","-122.3978","2016-07-03T09:00","CO","0.21","PPM"
"37.7658","-122.3978","2016-07-03T10:00","OZONE","18.0","PPB"
"37.7658","-122.3978","2016-07-03T10:00","PM2.5","1.7","UG/M3"
"37.7658","-122.3978","2016-07-03T11:00","OZONE","19.0","PPB"
"37.7658","-122.3978","2016-07-03T11:00","PM2.5","1.5","UG/M3"
"37.7658","-122.3978","2016-07-03T11:00","NO2","0.0","PPB"
"37.7658","-122.3978","2016-07-03T11:00","CO","0.19","PPM"
"37.7658","-122.3978","2016-07-03T12:00","OZONE","19.0","PPB"
"37.7658","-122.3978","2016-07-03T12:00","PM2.5","1.5","UG/M3"
"37.7658","-122.3978","2016-07-03T12:00","NO2","0.0","PPB"
"37.7658","-122.3978","2016-07-03T12:00","CO","0.19","PPM"
"37.7658","-122.3978","2016-07-03T13:00","OZONE","20.0","PPB"
"37.7658","-122.3978","2016-07-03T13:00","PM2.5","1.4","UG/M3"
"37.7658","-122.3978","2016-07-03T13:00","NO2","2.0","PPB"
"37.7658","-122.3978","2016-07-03T13:00","CO","0.21","PPM"
"37.7658","-122.3978","2016-07-03T14:00","OZONE","20.0","PPB"
"37.7658","-122.3978","2016-07-03T14:00","PM2.5","1.3","UG/M3"
"37.7658","-122.3978","2016-07-03T14:00","NO2","1.0","PPB"
"37.7658","-122.3978","2016-07-03T14:00","CO","0.21","PPM"
"37.7658","-122.3978","2016-07-03T15:00","OZONE","21.0","PPB"
"37.7658","-122.3978","2016-07-03T15:00","PM2.5","1.5","UG/M3"
"37.7658","-122.3978","2016-07-03T15:00","NO2","1.0","PPB"
"37.7658","-122.3978","2016-07-03T15:00","CO","0.21","PPM"
"37.7658","-122.3978","2016-07-03T16:00","OZONE","22.0","PPB"
"37.7658","-122.3978","2016-07-03T16:00","PM2.5","1.5","UG/M3"
"37.7658","-122.3978","2016-07-03T16:00","NO2","1.0","PPB"
"37.7658","-122.3978","2016-07-03T16:00","CO","0.22","PPM"
"37.7658","-122.3978","2016-07-03T17:00","OZONE","22.0","PPB"
"37.7658","-122.3978","2016-07-03T17:00","PM2.5","1.4","UG/M3"
"37.7658","-122.3978","2016-07-03T17:00","NO2","0.0","PPB"
"37.7658","-122.3978","2016-07-03T17:00","CO","0.21","PPM"
"37.7658","-122.3978","2016-07-03T18:00","OZONE","23.0","PPB"
"37.7658","-122.3978","2016-07-03T18:00","PM2.5","1.2","UG/M3"
"37.7658","-122.3978","2016-07-03T18:00","NO2","0.0","PPB"
"37.7658","-122.3978","2016-07-03T18:00","CO","0.2","PPM"
"37.7658","-122.3978","2016-07-03T19:00","OZONE","23.0","PPB"
"37.7658","-122.3978","2016-07-03T19:00","PM2.5","1.0","UG/M3"
"37.7658","-122.3978","2016-07-03T19:00","NO2","0.0","PPB"
"37.7658","-122.3978","2016-07-03T19:00","CO","0.2","PPM"
"37.7658","-122.3978","2016-07-03T20:00","OZONE","24.0","PPB"
"37.7658","-122.3978","2016-07-03T20:00","PM2.5","0.8","UG/M3"
"37.7658","-122.3978","2016-07-03T20:00","NO2","0.0","PPB"
"37.7658","-122.3978","2016-07-03T20:00","CO","0.2","PPM"
"37.7658","-122.3978","2016-07-03T21:00","OZONE","24.0","PPB"
"37.7658","-122.3978","2016-07-03T21:00","PM2.5","0.8","UG/M3"
"37.7658","-122.3978","2016-07-03T21:00","NO2","0.0","PPB"
"37.7658","-122.3978","2016-07-03T21:00","CO","0.19","PPM"
"37.7658","-122.3978","2016-07-03T22:00","OZONE","24.0","PPB"
"37.7658","-122.3978","2016-07-03T22:00","PM2.5","0.7","UG/M3"
"37.7658","-122.3978","2016-07-03T22:00","NO2","0.0","PPB"
"37.7658","-122.3978","2016-07-03T22:00","CO","0.2","PPM"
"37.7658","-122.3978","2016-07-03T23:00","OZONE","24.0","PPB"
"37.7658","-122.3978","2016-07-03T23:00","PM2.5","0.7","UG/M3"
"37.7658","-122.3978","2016-07-03T23:00","NO2","0.0","PPB"
"37.7658","-122.3978","2016-07-03T23:00","CO","0.2","PPM"
"37.7658","-122.3978","2016-07-04T00:00","OZONE","24.0","PPB"
"37.7658","-122.3978","2016-07-04T00:00","PM2.5","0.7","UG/M3"
"37.7658","-122.3978","2016-07-04T00:00","NO2","0.0","PPB"
"37.7658","-122.3978","2016-07-04T00:00","CO","0.2","PPM"
"37.7658","-122.3978","2016-07-04T01:00","OZONE","24.0","PPB"
"37.7658","-122.3978","2016-07-04T01:00","PM2.5","0.5","UG/M3"
"37.7658","-122.3978","2016-07-04T01:00","NO2","0.0","PPB"
"37.7658","-122.3978","2016-07-04T01:00","CO","0.2","PPM"
"37.7658","-122.3978","2016-07-04T02:00","OZONE","23.0","PPB"
"37.7658","-122.3978","2016-07-04T02:00","PM2.5","0.9","UG/M3"
"37.7658","-122.3978","2016-07-04T02:00","NO2","0.0","PPB"
"37.7658","-122.3978","2016-07-04T02:00","CO","0.2","PPM"
"37.7658","-122.3978","2016-07-04T03:00","OZONE","23.0","PPB"
"37.7658","-122.3978","2016-07-04T03:00","PM2.5","1.1","UG/M3"
"37.7658","-122.3978","2016-07-04T03:00","NO2","0.0","PPB"
"37.7658","-122.3978","2016-07-04T03:00","CO","0.19","PPM"
"37.7658","-122.3978","2016-07-04T04:00","OZONE","22.0","PPB"
"37.7658","-122.3978","2016-07-04T04:00","PM2.5","1.1","UG/M3"
"37.7658","-122.3978","2016-07-04T04:00","NO2","0.0","PPB"
"37.7658","-122.3978","2016-07-04T04:00","CO","0.19","PPM"
"37.7658","-122.3978","2016-07-04T05:00","OZONE","22.0","PPB"
"37.7658","-122.3978","2016-07-04T05:00","PM2.5","1.5","UG/M3"
"37.7658","-122.3978","2016-07-04T05:00","NO2","1.0","PPB"
"37.7658","-122.3978","2016-07-04T05:00","CO","0.2","PPM"
"37.7658","-122.3978","2016-07-04T06:00","OZONE","22.0","PPB"
"37.7658","-122.3978","2016-07-04T06:00","PM2.5","2.0","UG/M3"
"37.7658","-122.3978","2016-07-04T06:00","NO2","0.0","PPB"
"37.7658","-122.3978","2016-07-04T06:00","CO","0.2","PPM"
"37.7658","-122.3978","2016-07-04T07:00","OZONE","22.0","PPB"
"37.7658","-122.3978","2016-07-04T07:00","PM2.5","2.0","UG/M3"
"37.7658","-122.3978","2016-07-04T07:00","NO2","0.0","PPB"
"37.7658","-122.3978","2016-07-04T07:00","CO","0.19","PPM"
"37.7658","-122.3978","2016-07-04T08:00","OZONE","22.0","PPB"
"37.7658","-122.3978","2016-07-04T08:00","PM2.5","2.0","UG/M3"
"37.7658","-122.3978","2016-07-04T08:00","NO2","0.0","PPB"
"37.7658","-122.3978","2016-07-04T08:00","CO","0.19","PPM"
"37.7658","-122.3978","2016-07-04T09:00","OZONE","22.0","PPB"
"37.7658","-122.3978","2016-07-04T09:00","PM2.5","1.9","UG/M3"
"37.7658","-122.3978","2016-07-04T09:00","NO2","0.0","PPB"
"37.7658","-122.3978","2016-07-04T09:00","CO","0.2","PPM"
"37.7658","-122.3978","2016-07-04T10:00","OZONE","22.0","PPB"
"37.7658","-122.3978","2016-07-04T10:00","PM2.5","1.7","UG/M3"
"37.7658","-122.3978","2016-07-04T10:00","NO2","0.0","PPB"
"37.7658","-122.3978","2016-07-04T10:00","CO","0.19","PPM"
"37.7658","-122.3978","2016-07-04T11:00","OZONE","22.0","PPB"
"37.7658","-122.3978","2016-07-04T11:00","PM2.5","1.7","UG/M3"
"37.7658","-122.3978","2016-07-04T12:00","OZONE","22.0","PPB"
"37.7658","-122.3978","2016-07-04T12:00","PM2.5","1.7","UG/M3"
"37.7658","-122.3978","2016-07-04T12:00","NO2","1.0","PPB"
"37.7658","-122.3978","2016-07-04T12:00","CO","0.18","PPM"
"37.7658","-122.3978","2016-07-04T13:00","OZONE","22.0","PPB"
"37.7658","-122.3978","2016-07-04T13:00","PM2.5","1.8","UG/M3"
"37.7658","-122.3978","2016-07-04T13:00","NO2","2.0","PPB"
"37.7658","-122.3978","2016-07-04T13:00","CO","0.2","PPM"
"37.7658","-122.3978","2016-07-04T14:00","OZONE","22.0","PPB"
"37.7658","-122.3978","2016-07-04T14:00","PM2.5","1.9","UG/M3"
"37.7658","-122.3978","2016-07-04T14:00","NO2","3.0","PPB"
"37.7658","-122.3978","2016-07-04T14:00","CO","0.2","PPM"
"37.7658","-122.3978","2016-07-04T15:00","OZONE","22.0","PPB"
"37.7658","-122.3978","2016-07-04T15:00","PM2.5","2.2","UG/M3"
"37.7658","-122.3978","2016-07-04T15:00","NO2","1.0","PPB"
"37.7658","-122.3978","2016-07-04T15:00","CO","0.19","PPM"
"37.7658","-122.3978","2016-07-04T16:00","OZONE","23.0","PPB"
"37.7658","-122.3978","2016-07-04T16:00","PM2.5","2.5","UG/M3"
"37.7658","-122.3978","2016-07-04T16:00","NO2","0.0","PPB"
"37.7658","-122.3978","2016-07-04T16:00","CO","0.19","PPM"
"37.7658","-122.3978","2016-07-04T17:00","OZONE","23.0","PPB"
"37.7658","-122.3978","2016-07-04T17:00","PM2.5","3.3","UG/M3"
"37.7658","-122.3978","2016-07-04T17:00","NO2","1.0","PPB"
"37.7658","-122.3978","2016-07-04T17:00","CO","0.21","PPM"
"37.7658","-122.3978","2016-07-04T18:00","OZONE","24.0","PPB"
"37.7658","-122.3978","2016-07-04T18:00","PM2.5","3.6","UG/M3"
"37.7658","-122.3978","2016-07-04T18:00","NO2","1.0","PPB"
"37.7658","-122.3978","2016-07-04T18:00","CO","0.22","PPM"
"37.7658","-122.3978","2016-07-04T19:00","OZONE","24.0","PPB"
"37.7658","-122.3978","2016-07-04T19:00","PM2.5","3.8","UG/M3"
"37.7658","-122.3978","2016-07-04T19:00","NO2","0.0","PPB"
"37.7658","-122.3978","2016-07-04T19:00","CO","0.21","PPM"
"37.7658","-122.3978","2016-07-04T20:00","OZONE","24.0","PPB"
"37.7658","-122.3978","2016-07-04T20:00","PM2.5","4.0","UG/M3"
"37.7658","-122.3978","2016-07-04T20:00","NO2","0.0","PPB"
"37.7658","-122.3978","2016-07-04T20:00","CO","0.21","PPM"
"37.7658","-122.3978","2016-07-04T21:00","OZONE","23.0","PPB"
"37.7658","-122.3978","2016-07-04T21:00","PM2.5","4.0","UG/M3"
"37.7658","-122.3978","2016-07-04T21:00","NO2","0.0","PPB"
"37.7658","-122.3978","2016-07-04T21:00","CO","0.2","PPM"
"37.7658","-122.3978","2016-07-04T22:00","OZONE","23.0","PPB"
"37.7658","-122.3978","2016-07-04T22:00","PM2.5","4.0","UG/M3"
"37.7658","-122.3978","2016-07-04T22:00","NO2","0.0","PPB"
"37.7658","-122.3978","2016-07-04T22:00","CO","0.21","PPM"
"37.7658","-122.3978","2016-07-04T23:00","OZONE","22.0","PPB"
"37.7658","-122.3978","2016-07-04T23:00","PM2.5","4.0","UG/M3"
"37.7658","-122.3978","2016-07-04T23:00","NO2","0.0","PPB"
"37.7658","-122.3978","2016-07-04T23:00","CO","0.2","PPM"
"37.7658","-122.3978","2016-07-05T00:00","OZONE","21.0","PPB"
"37.7658","-122.3978","2016-07-05T00:00","PM2.5","4.1","UG/M3"
"37.7658","-122.3978","2016-07-05T00:00","NO2","0.0","PPB"
"37.7658","-122.3978","2016-07-05T00:00","CO","0.2","PPM"
"37.7658","-122.3978","2016-07-05T01:00","OZONE","21.0","PPB"
"37.7658","-122.3978","2016-07-05T01:00","PM2.5","4.2","UG/M3"
"37.7658","-122.3978","2016-07-05T01:00","NO2","0.0","PPB"
"37.7658","-122.3978","2016-07-05T01:00","CO","0.2","PPM"
"37.7658","-122.3978","2016-07-05T02:00","OZONE","20.0","PPB"
"37.7658","-122.3978","2016-07-05T02:00","PM2.5","3.7","UG/M3"
"37.7658","-122.3978","2016-07-05T02:00","NO2","0.0","PPB"
"37.7658","-122.3978","2016-07-05T02:00","CO","0.22","PPM"
"37.7658","-122.3978","2016-07-05T03:00","OZONE","20.0","PPB"
"37.7658","-122.3978","2016-07-05T03:00","PM2.5","3.5","UG/M3"
"37.7658","-122.3978","2016-07-05T03:00","NO2","0.0","PPB"
"37.7658","-122.3978","2016-07-05T03:00","CO","0.2","PPM"
"37.7658","-122.3978","2016-07-05T04:00","OZONE","20.0","PPB"
"37.7658","-122.3978","2016-07-05T04:00","PM2.5","3.3","UG/M3"
"37.7658","-122.3978","2016-07-05T04:00","NO2","0.0","PPB"
"37.7658","-122.3978","2016-07-05T04:00","CO","0.19","PPM"
"37.7658","-122.3978","2016-07-05T05:00","OZONE","20.0","PPB"
"37.7658","-122.3978","2016-07-05T05:00","PM2.5","3.0","UG/M3"
"37.7658","-122.3978","2016-07-05T05:00","NO2","0.0","PPB"
"37.7658","-122.3978","2016-07-05T05:00","CO","0.2","PPM"
"37.7658","-122.3978","2016-07-05T06:00","OZONE","21.0","PPB"
"37.7658","-122.3978","2016-07-05T06:00","PM2.5","2.6","UG/M3"
"37.7658","-122.3978","2016-07-05T06:00","NO2","0.0","PPB"
"37.7658","-122.3978","2016-07-05T06:00","CO","0.2","PPM"
"37.7658","-122.3978","2016-07-05T07:00","OZONE","21.0","PPB"
"37.7658","-122.3978","2016-07-05T07:00","PM2.5","2.5","UG/M3"
"37.7658","-122.3978","2016-07-05T07:00","NO2","0.0","PPB"
"37.7658","-122.3978","2016-07-05T07:00","CO","0.19","PPM"
"37.7658","-122.3978","2016-07-05T08:00","OZONE","21.0","PPB"
"37.7658","-122.3978","2016-07-05T08:00","PM2.5","2.3","UG/M3"
"37.7658","-122.3978","2016-07-05T08:00","NO2","0.0","PPB"
"37.7658","-122.3978","2016-07-05T08:00","CO","0.19","PPM"
"37.7658","-122.3978","2016-07-05T09:00","OZONE","21.0","PPB"
"37.7658","-122.3978","2016-07-05T09:00","PM2.5","2.3","UG/M3"
"37.7658","-122.3978","2016-07-05T09:00","NO2","0.0","PPB"
"37.7658","-122.3978","2016-07-05T09:00","CO","0.18","PPM"
"37.7658","-122.3978","2016-07-05T10:00","OZONE","20.0","PPB"
"37.7658","-122.3978","2016-07-05T10:00","PM2.5","2.5","UG/M3"
"37.7658","-122.3978","2016-07-05T10:00","NO2","0.0","PPB"
"37.7658","-122.3978","2016-07-05T10:00","CO","0.17","PPM"
"37.7658","-122.3978","2016-07-05T11:00","OZONE","20.0","PPB"
"37.7658","-122.3978","2016-07-05T11:00","PM2.5","2.6","UG/M3"
"37.7658","-122.3978","2016-07-05T12:00","OZONE","20.0","PPB"
"37.7658","-122.3978","2016-07-05T12:00","PM2.5","2.9","UG/M3"
"37.7658","-122.3978","2016-07-05T12:00","NO2","3.0","PPB"
"37.7658","-122.3978","2016-07-05T12:00","CO","0.26","PPM"
"37.7658","-122.3978","2016-07-05T13:00","OZONE","20.0","PPB"
"37.7658","-122.3978","2016-07-05T13:00","PM2.5","2.9","UG/M3"
"37.7658","-122.3978","2016-07-05T13:00","NO2","8.0","PPB"
"37.7658","-122.3978","2016-07-05T13:00","CO","0.25","PPM"
"37.7658","-122.3978","2016-07-05T14:00","OZONE","20.0","PPB"
"37.7658","-122.3978","2016-07-05T14:00","PM2.5","3.5","UG/M3"
"37.7658","-122.3978","2016-07-05T14:00","NO2","6.0","PPB"
"37.7658","-122.3978","2016-07-05T14:00","CO","0.25","PPM"
"37.7658","-122.3978","2016-07-05T15:00","OZONE","20.0","PPB"
"37.7658","-122.3978","2016-07-05T15:00","PM2.5","3.6","UG/M3"
"37.7658","-122.3978","2016-07-05T15:00","NO2","3.0","PPB"
"37.7658","-122.3978","2016-07-05T15:00","CO","0.24","PPM"
"37.7658","-122.3978","2016-07-05T16:00","OZONE","21.0","PPB"
"37.7658","-122.3978","2016-07-05T16:00","PM2.5","3.7","UG/M3"
"37.7658","-122.3978","2016-07-05T16:00","NO2","3.0","PPB"
"37.7658","-122.3978","2016-07-05T16:00","CO","0.25","PPM"
"37.7658","-122.3978","2016-07-05T17:00","OZONE","22.0","PPB"
"37.7658","-122.3978","2016-07-05T17:00","PM2.5","3.5","UG/M3"
"37.7658","-122.3978","2016-07-05T17:00","NO2","3.0","PPB"
"37.7658","-122.3978","2016-07-05T17:00","CO","0.23","PPM"
"37.7658","-122.3978","2016-07-05T18:00","OZONE","23.0","PPB"
"37.7658","-122.3978","2016-07-05T18:00","PM2.5","3.5","UG/M3"
"37.7658","-122.3978","2016-07-05T18:00","NO2","2.0","PPB"
"37.7658","-122.3978","2016-07-05T18:00","CO","0.21","PPM"
"37.7658","-122.3978","2016-07-05T19:00","OZONE","24.0","PPB"
"37.7658","-122.3978","2016-07-05T19:00","PM2.5","3.6","UG/M3"
"37.7658","-122.3978","2016-07-05T19:00","NO2","1.0","PPB"
"37.7658","-122.3978","2016-07-05T19:00","CO","0.2","PPM"
"37.7658","-122.3978","2016-07-05T20:00","OZONE","24.0","PPB"
"37.7658","-122.3978","2016-07-05T20:00","PM2.5","3.9","UG/M3"
"37.7658","-122.3978","2016-07-05T20:00","NO2","1.0","PPB"
"37.7658","-122.3978","2016-07-05T20:00","CO","0.21","PPM"
"37.7658","-122.3978","2016-07-05T21:00","OZONE","24.0","PPB"
"37.7658","-122.3978","2016-07-05T21:00","PM2.5","4.2","UG/M3"
"37.7658","-122.3978","2016-07-05T21:00","NO2","1.0","PPB"
"37.7658","-122.3978","2016-07-05T21:00","CO","0.21","PPM"
"37.7658","-122.3978","2016-07-05T22:00","OZONE","24.0","PPB"
"37.7658","-122.3978","2016-07-05T22:00","PM2.5","4.6","UG/M3"
"37.7658","-122.3978","2016-07-05T22:00","NO2","1.0","PPB"
"37.7658","-122.3978","2016-07-05T22:00","CO","0.23","PPM"
"37.7658","-122.3978","2016-07-05T23:00","OZONE","24.0","PPB"
"37.7658","-122.3978","2016-07-05T23:00","PM2.5","4.9","UG/M3"
"37.7658","-122.3978","2016-07-05T23:00","NO2","0.0","PPB"
"37.7658","-122.3978","2016-07-05T23:00","CO","0.21","PPM"
"37.7658","-122.3978","2016-07-06T00:00","PM2.5","5.5","UG/M3"
"37.7658","-122.3978","2016-07-06T00:00","OZONE","24.0","PPB"
"37.7658","-122.3978","2016-07-06T00:00","NO2","1.0","PPB"
"37.7658","-122.3978","2016-07-06T00:00","CO","0.22","PPM"
"37.7658","-122.3978","2016-07-06T01:00","PM2.5","6.2","UG/M3"
"37.7658","-122.3978","2016-07-06T01:00","OZONE","24.0","PPB"
"37.7658","-122.3978","2016-07-06T01:00","NO2","2.0","PPB"
"37.7658","-122.3978","2016-07-06T01:00","CO","0.24","PPM"
"37.7658","-122.3978","2016-07-06T02:00","PM2.5","6.7","UG/M3"
"37.7658","-122.3978","2016-07-06T02:00","OZONE","24.0","PPB"
"37.7658","-122.3978","2016-07-06T02:00","NO2","2.0","PPB"
"37.7658","-122.3978","2016-07-06T02:00","CO","0.26","PPM"
"37.7658","-122.3978","2016-07-06T03:00","PM2.5","7.0","UG/M3"
"37.7658","-122.3978","2016-07-06T03:00","OZONE","24.0","PPB"
"37.7658","-122.3978","2016-07-06T03:00","NO2","1.0","PPB"
"37.7658","-122.3978","2016-07-06T03:00","CO","0.26","PPM"
"37.7658","-122.3978","2016-07-06T04:00","PM2.5","7.5","UG/M3"
"37.7658","-122.3978","2016-07-06T04:00","OZONE","25.0","PPB"
"37.7658","-122.3978","2016-07-06T04:00","NO2","1.0","PPB"
"37.7658","-122.3978","2016-07-06T04:00","CO","0.25","PPM"
"37.7658","-122.3978","2016-07-06T05:00","PM2.5","7.9","UG/M3"
"37.7658","-122.3978","2016-07-06T05:00","OZONE","25.0","PPB"
"37.7658","-122.3978","2016-07-06T05:00","NO2","1.0","PPB"
"37.7658","-122.3978","2016-07-06T05:00","CO","0.25","PPM"
"37.7658","-122.3978","2016-07-06T06:00","PM2.5","8.1","UG/M3"
"37.7658","-122.3978","2016-07-06T06:00","OZONE","26.0","PPB"
"37.7658","-122.3978","2016-07-06T06:00","NO2","2.0","PPB"
"37.7658","-122.3978","2016-07-06T06:00","CO","0.24","PPM"
"37.7658","-122.3978","2016-07-06T07:00","PM2.5","8.2","UG/M3"
"37.7658","-122.3978","2016-07-06T07:00","OZONE","26.0","PPB"
"37.7658","-122.3978","2016-07-06T07:00","NO2","1.0","PPB"
"37.7658","-122.3978","2016-07-06T07:00","CO","0.23","PPM"
"37.7658","-122.3978","2016-07-06T08:00","PM2.5","8.5","UG/M3"
"37.7658","-122.3978","2016-07-06T08:00","OZONE","26.0","PPB"
"37.7658","-122.3978","2016-07-06T08:00","NO2","0.0","PPB"
"37.7658","-122.3978","2016-07-06T08:00","CO","0.23","PPM"
"37.7658","-122.3978","2016-07-06T09:00","PM2.5","8.6","UG/M3"
"37.7658","-122.3978","2016-07-06T09:00","OZONE","26.0","PPB"
"37.7658","-122.3978","2016-07-06T09:00","NO2","0.0","PPB"
"37.7658","-122.3978","2016-07-06T09:00","CO","0.22","PPM"
"37.7658","-122.3978","2016-07-06T10:00","PM2.5","8.8","UG/M3"
"37.7658","-122.3978","2016-07-06T10:00","OZONE","26.0","PPB"
"37.7658","-122.3978","2016-07-06T10:00","NO2","0.0","PPB"
"37.7658","-122.3978","2016-07-06T10:00","CO","0.22","PPM"
"37.7658","-122.3978","2016-07-06T11:00","PM2.5","8.9","UG/M3"
"37.7658","-122.3978","2016-07-06T11:00","OZONE","26.0","PPB"
"37.7658","-122.3978","2016-07-06T12:00","PM2.5","9.1","UG/M3"
"37.7658","-122.3978","2016-07-06T12:00","OZONE","25.0","PPB"
"37.7658","-122.3978","2016-07-06T12:00","NO2","2.0","PPB"
"37.7658","-122.3978","2016-07-06T12:00","CO","0.25","PPM"
"37.7658","-122.3978","2016-07-06T13:00","PM2.5","9.1","UG/M3"
"37.7658","-122.3978","2016-07-06T13:00","OZONE","25.0","PPB"
"37.7658","-122.3978","2016-07-06T13:00","NO2","5.0","PPB"
"37.7658","-122.3978","2016-07-06T13:00","CO","0.33","PPM"
"37.7658","-122.3978","2016-07-06T14:00","PM2.5","8.8","UG/M3"
"37.7658","-122.3978","2016-07-06T14:00","OZONE","25.0","PPB"
"37.7658","-122.3978","2016-07-06T14:00","NO2","8.0","PPB"
"37.7658","-122.3978","2016-07-06T14:00","CO","0.29","PPM"
"37.7658","-122.3978","2016-07-06T15:00","PM2.5","8.6","UG/M3"
"37.7658","-122.3978","2016-07-06T15:00","OZONE","24.0","PPB"
"37.7658","-122.3978","2016-07-06T15:00","NO2","5.0","PPB"
"37.7658","-122.3978","2016-07-06T15:00","CO","0.27","PPM"
"37.7658","-122.3978","2016-07-06T16:00","PM2.5","8.3","UG/M3"
"37.7658","-122.3978","2016-07-06T16:00","OZONE","24.0","PPB"
"37.7658","-122.3978","2016-07-06T17:00","PM2.5","8.0","UG/M3"
"37.7658","-122.3978","2016-07-06T17:00","OZONE","23.0","PPB"
"37.7658","-122.3978","2016-07-06T18:00","PM2.5","7.9","UG/M3"
"37.7658","-122.3978","2016-07-06T18:00","OZONE","23.0","PPB"
"37.7658","-122.3978","2016-07-06T18:00","NO2","3.0","PPB"
"37.7658","-122.3978","2016-07-06T18:00","CO","0.26","PPM"
"37.7658","-122.3978","2016-07-06T19:00","PM2.5","8.0","UG/M3"
"37.7658","-122.3978","2016-07-06T19:00","OZONE","23.0","PPB"
"37.7658","-122.3978","2016-07-06T19:00","NO2","2.0","PPB"
"37.7658","-122.3978","2016-07-06T19:00","CO","0.25","PPM"
"37.7658","-122.3978","2016-07-06T20:00","PM2.5","7.8","UG/M3"
"37.7658","-122.3978","2016-07-06T20:00","OZONE","23.0","PPB"
"37.7658","-122.3978","2016-07-06T20:00","NO2","1.0","PPB"
"37.7658","-122.3978","2016-07-06T20:00","CO","0.25","PPM"
"37.7658","-122.3978","2016-07-06T21:00","PM2.5","7.6","UG/M3"
"37.7658","-122.3978","2016-07-06T21:00","OZONE","23.0","PPB"
"37.7658","-122.3978","2016-07-06T21:00","NO2","1.0","PPB"
"37.7658","-122.3978","2016-07-06T21:00","CO","0.26","PPM"
"37.7658","-122.3978","2016-07-06T22:00","PM2.5","7.3","UG/M3"
"37.7658","-122.3978","2016-07-06T22:00","OZONE","23.0","PPB"
"37.7658","-122.3978","2016-07-06T22:00","NO2","1.0","PPB"
"37.7658","-122.3978","2016-07-06T22:00","CO","0.26","PPM"
"37.7658","-122.3978","2016-07-06T23:00","PM2.5","7.1","UG/M3"
"37.7658","-122.3978","2016-07-06T23:00","OZONE","23.0","PPB"
"37.7658","-122.3978","2016-07-06T23:00","NO2","1.0","PPB"
"37.7658","-122.3978","2016-07-06T23:00","CO","0.27","PPM"
"37.7658","-122.3978","2016-07-07T00:00","PM2.5","6.5","UG/M3"
"37.7658","-122.3978","2016-07-07T00:00","OZONE","23.0","PPB"
"37.7658","-122.3978","2016-07-07T00:00","NO2","2.0","PPB"
"37.7658","-122.3978","2016-07-07T00:00","CO","0.26","PPM"
"37.7658","-122.3978","2016-07-07T01:00","PM2.5","5.9","UG/M3"
"37.7658","-122.3978","2016-07-07T01:00","OZONE","23.0","PPB"
"37.7658","-122.3978","2016-07-07T01:00","NO2","2.0","PPB"
"37.7658","-122.3978","2016-07-07T01:00","CO","0.26","PPM"
"37.7658","-122.3978","2016-07-07T02:00","PM2.5","5.6","UG/M3"
"37.7658","-122.3978","2016-07-07T02:00","OZONE","23.0","PPB"
"37.7658","-122.3978","2016-07-07T02:00","NO2","3.0","PPB"
"37.7658","-122.3978","2016-07-07T02:00","CO","0.26","PPM"
"37.7658","-122.3978","2016-07-07T03:00","PM2.5","5.6","UG/M3"
"37.7658","-122.3978","2016-07-07T03:00","OZONE","22.0","PPB"
"37.7658","-122.3978","2016-07-07T03:00","NO2","2.0","PPB"
"37.7658","-122.3978","2016-07-07T03:00","CO","0.27","PPM"
