Date,Queries
2010-04-01,33209
2010-04-02,35873
2010-04-03,34230
2010-04-04,32866
2010-04-05,39418
2010-04-06,40853
2010-04-07,42250
2010-04-08,40541
2010-04-09,35836
2010-04-10,30040
2010-04-11,32411
2010-04-12,41391
2010-04-13,41777
2010-04-14,40616
2010-04-15,36385
2010-04-16,37730
2010-04-17,31852
2010-04-18,33807
2010-04-19,42112
2010-04-20,41349
2010-04-21,41312
2010-04-22,41124
2010-04-23,36950
2010-04-24,33136
2010-04-25,36139
2010-04-26,43575
2010-04-27,43414
2010-04-28,38621
2010-04-29,89364
2010-04-30,34023
2011-04-01,179602
2011-04-02,148322
2011-04-03,161266
2011-04-04,193496
2011-04-05,229219
2011-04-06,232280
2011-04-07,211974
2011-04-08,206289
2011-04-09,167832
2011-04-10,179957
2011-04-11,219751
2011-04-12,220231
2011-04-13,222467
2011-04-14,211116
2011-04-15,195794
2011-04-16,166168
2011-04-17,167511
2011-04-18,223231
2011-04-19,222919
2011-04-20,214906
2011-04-21,227721
2011-04-22,188914
2011-04-23,160150
2011-04-24,181890
2011-04-25,199827
2011-04-26,209128
2011-04-27,213517
2011-04-28,210461
2011-04-29,198821
2011-04-30,166071
2012-04-01,1346350
2012-04-02,1610514
2012-04-03,1573228
2012-04-04,1497517
2012-04-05,1445603
2012-04-06,1344411
2012-04-07,1192229
2012-04-08,1230251
2012-04-09,1501418
2012-04-10,1565293
2012-04-11,1559589
2012-04-12,1512404
2012-04-13,1426736
2012-04-14,1269110
2012-04-15,1345155
2012-04-16,1540751
2012-04-17,1549870
2012-04-18,1516011
2012-04-19,1481884
2012-04-20,1418905
2012-04-21,1248814
2012-04-22,1349916
2012-04-23,1557640
2012-04-24,1528205
2012-04-25,1504110
2012-04-26,1483588
2012-04-27,1404544
2012-04-28,1217156
2012-04-29,1278943
2012-04-30,1460347
2013-04-01,1680598
2013-04-02,1739435
2013-04-03,1777282
2013-04-04,1765005
2013-04-05,1664726
2013-04-06,1510149
2013-04-07,1594641
2013-04-08,1791239
2013-04-09,1777586
2013-04-10,1765239
2013-04-11,1758623
2013-04-12,1702242
2013-04-13,1553789
2013-04-14,1621487
2013-04-15,1816430
2013-04-16,1795522
2013-04-17,1765103
2013-04-18,1746748
2013-04-19,1676414
2013-04-20,1506074
2013-04-21,1600616
2013-04-22,1838264
2013-04-23,1825013
2013-04-24,1776927
2013-04-25,1758041
2013-04-26,1699100
2013-04-27,1532313
2013-04-28,1632818
2013-04-29,1869217
2013-04-30,1799060
2014-04-01,5074567
2014-04-02,5084956
2014-04-03,4945936
2014-04-04,4959913
2014-04-05,4631773
2014-04-06,4807003
2014-04-07,5365303
2014-04-08,5248427
2014-04-09,5092234
2014-04-10,5046561
2014-04-11,4821425
2014-04-12,4432520
2014-04-13,4643150
2014-04-14,5230853
2014-04-15,5155251
2014-04-16,4970170
2014-04-17,4799865
2014-04-18,4660613
2014-04-19,4231109
2014-04-20,4372786
2014-04-21,5139577
2014-04-22,5354523
2014-04-23,5354931
2014-04-24,5138057
2014-04-25,4904491
2014-04-26,4601910
2014-04-27,4964478
2014-04-28,5545972
2014-04-29,5403917
2014-04-30,5269834
2015-04-01,7969831
2015-04-02,7741933
2015-04-03,7495027
2015-04-04,6949549
2015-04-05,6878464
2015-04-06,7970160
2015-04-07,8205521
2015-04-08,8135610
2015-04-09,8012605
2015-04-10,7573154
2015-04-11,7041228
2015-04-12,7352852
2015-04-13,8320374
2015-04-14,8219319
2015-04-15,8075315
2015-04-16,8088114
2015-04-17,7857164
2015-04-18,7029323
2015-04-19,7571630
2015-04-20,8486983
2015-04-21,8343506
2015-04-22,8430070
2015-04-23,8287028
2015-04-24,7947411
2015-04-25,7485698
2015-04-26,7870957
2015-04-27,8760533
2015-04-28,8583011
2015-04-29,8497561
2015-04-30,8563442
2016-04-01,10546547
2016-04-02,9688240
2016-04-03,10113838
2016-04-04,11373482
2016-04-05,11170549
2016-04-06,11217833
2016-04-07,10994902
2016-04-08,10612672
2016-04-09,9880694
2016-04-10,10357709
2016-04-11,11541452
2016-04-12,11165949
2016-04-13,11060486
2016-04-14,11018970
2016-04-15,10712942
2016-04-16,9668773
2016-04-17,10255075
2016-04-18,11647161
2016-04-19,11164456
2016-04-20,10928869
2016-04-21,10921372
2016-04-22,10532928
2016-04-23,9774171
2016-04-24,10326039
2016-04-25,11484155
2016-04-26,11388083
2016-04-27,11105169
2016-04-28,10929764
2016-04-29,10489782
2016-04-30,9573039
2010-08-01,48954
2010-08-02,48764
2010-08-03,55152
2010-08-04,55469
2010-08-05,56400
2010-08-06,50550
2010-08-07,39833
2010-08-08,41680
2010-08-09,55051
2010-08-10,59554
2010-08-11,64289
2010-08-12,66265
2010-08-13,61163
2010-08-14,51638
2010-08-15,54563
2010-08-16,66928
2010-08-17,70054
2010-08-18,66888
2010-08-19,65726
2010-08-20,59849
2010-08-21,47520
2010-08-22,52485
2010-08-23,65734
2010-08-24,67302
2010-08-25,64510
2010-08-26,64736
2010-08-27,64951
2010-08-28,50624
2010-08-29,56618
2010-08-30,69406
2010-08-31,67730
2011-08-01,285947
2011-08-02,289253
2011-08-03,294313
2011-08-04,286391
2011-08-05,265015
2011-08-06,227534
2011-08-07,239992
2011-08-08,295794
2011-08-09,286191
2011-08-10,278379
2011-08-11,276073
2011-08-12,262772
2011-08-13,228662
2011-08-14,235143
2011-08-15,294585
2011-08-16,321072
2011-08-17,331237
2011-08-18,316392
2011-08-19,292953
2011-08-20,245946
2011-08-21,258489
2011-08-22,332992
2011-08-23,341882
2011-08-24,322554
2011-08-25,313957
2011-08-26,292732
2011-08-27,249401
2011-08-28,262268
2011-08-29,321109
2011-08-30,314293
2011-08-31,342538
2012-08-01,1403146
2012-08-02,1390773
2012-08-03,1355240
2012-08-04,1149535
2012-08-05,1227403
2012-08-06,1449355
2012-08-07,1421558
2012-08-08,1414499
2012-08-09,1397429
2012-08-10,1365921
2012-08-11,1204399
2012-08-12,1274092
2012-08-13,1543497
2012-08-14,1561744
2012-08-15,1579241
2012-08-16,1568141
2012-08-17,1392077
2012-08-18,1209881
2012-08-19,1254707
2012-08-20,1486954
2012-08-21,1463760
2012-08-22,1464995
2012-08-23,1445203
2012-08-24,1379823
2012-08-25,1247678
2012-08-26,1295703
2012-08-27,1501705
2012-08-28,1502765
2012-08-29,1477636
2012-08-30,1424173
2012-08-31,1349933
2013-08-01,3692821
2013-08-02,3610871
2013-08-03,3268313
2013-08-04,3341078
2013-08-05,3914814
2013-08-06,3782836
2013-08-07,3670850
2013-08-08,3606463
2013-08-09,3511677
2013-08-10,3068788
2013-08-11,3245176
2013-08-12,3771041
2013-08-13,3776932
2013-08-14,3812714
2013-08-15,3628477
2013-08-16,3551482
2013-08-17,3268733
2013-08-18,3497072
2013-08-19,4153854
2013-08-20,4107128
2013-08-21,4053573
2013-08-22,4008628
2013-08-23,3842184
2013-08-24,3483551
2013-08-25,3639599
2013-08-26,4212212
2013-08-27,4186539
2013-08-28,4065184
2013-08-29,4034862
2013-08-30,4040059
2013-08-31,3524642
2014-08-01,4710642
2014-08-02,4221941
2014-08-03,4454113
2014-08-04,5133813
2014-08-05,5072900
2014-08-06,4939353
2014-08-07,4902467
2014-08-08,4747149
2014-08-09,4197088
2014-08-10,4393034
2014-08-11,5317086
2014-08-12,5264182
2014-08-13,5091177
2014-08-14,4928655
2014-08-15,4771394
2014-08-16,4311189
2014-08-17,4524538
2014-08-18,5185054
2014-08-19,5067297
2014-08-20,5091694
2014-08-21,5048746
2014-08-22,4882687
2014-08-23,4442906
2014-08-24,4666229
2014-08-25,5405879
2014-08-26,5274079
2014-08-27,5110195
2014-08-28,5065036
2014-08-29,4900954
2014-08-30,4372126
2014-08-31,4619547
2015-08-01,7938553
2015-08-02,7967429
2015-08-03,9140634
2015-08-04,9148151
2015-08-05,8922387
2015-08-06,8874946
2015-08-07,8484600
2015-08-08,7700086
2015-08-09,8123158
2015-08-10,9287262
2015-08-11,9181401
2015-08-12,8990952
2015-08-13,8953617
2015-08-14,8685376
2015-08-15,7929680
2015-08-16,8410875
2015-08-17,9483835
2015-08-18,9353467
2015-08-19,9223382
2015-08-20,9022339
2015-08-21,8656783
2015-08-22,7857431
2015-08-23,8439658
2015-08-24,9681339
2015-08-25,9510431
2015-08-26,9333534
2015-08-27,9283612
2015-08-28,8871422
2015-08-29,8044372
2015-08-30,7275509
2015-08-31,9686543
2010-12-01,85045
2010-12-02,84160
2010-12-03,97764
2010-12-04,70144
2010-12-05,82012
2010-12-06,95199
2010-12-07,90805
2010-12-08,90885
2010-12-09,85695
2010-12-10,78885
2010-12-11,69088
2010-12-12,71687
2010-12-13,95529
2010-12-14,89668
2010-12-15,87187
2010-12-16,85385
2010-12-17,77534
2010-12-18,77531
2010-12-19,88648
2010-12-20,93617
2010-12-21,84585
2010-12-22,83248
2010-12-23,73962
2010-12-24,55711
2010-12-25,49590
2010-12-26,61232
2010-12-27,73472
2010-12-28,77632
2010-12-29,79521
2010-12-30,76789
2010-12-31,62804
2011-12-01,496149
2011-12-02,491407
2011-12-03,415284
2011-12-04,439741
2011-12-05,524354
2011-12-06,516747
2011-12-07,500500
2011-12-08,499125
2011-12-09,470538
2011-12-10,414462
2011-12-11,461690
2011-12-12,529920
2011-12-13,527416
2011-12-14,503276
2011-12-15,488675
2011-12-16,459861
2011-12-17,400005
2011-12-18,410479
2011-12-19,493884
2011-12-20,482088
2011-12-21,466290
2011-12-22,451118
2011-12-23,400899
2011-12-24,325917
2011-12-25,326594
2011-12-26,420011
2011-12-27,478331
2011-12-28,472261
2011-12-29,460814
2011-12-30,443998
2011-12-31,358449
2012-12-01,1472374
2012-12-02,1531886
2012-12-03,1744934
2012-12-04,1714678
2012-12-05,1740399
2012-12-06,1682495
2012-12-07,1589581
2012-12-08,1465353
2012-12-09,1530790
2012-12-10,1733412
2012-12-11,1711266
2012-12-12,1682586
2012-12-13,1628716
2012-12-14,1538084
2012-12-15,1498034
2012-12-16,1514448
2012-12-17,1732037
2012-12-18,1658506
2012-12-19,1644374
2012-12-20,1602234
2012-12-21,1499716
2012-12-22,1383033
2012-12-23,1403891
2012-12-24,1304329
2012-12-25,1196705
2012-12-26,1481780
2012-12-27,1402075
2012-12-28,1586456
2012-12-29,1562997
2012-12-30,1447481
2012-12-31,1365293
2013-12-01,3837580
2013-12-02,4372205
2013-12-03,4207586
2013-12-04,4200953
2013-12-05,4022286
2013-12-06,3927721
2013-12-07,3624663
2013-12-08,3771358
2013-12-09,4216252
2013-12-10,4169333
2013-12-11,4087371
2013-12-12,4029598
2013-12-13,3869366
2013-12-14,3566478
2013-12-15,3671560
2013-12-16,3952055
2013-12-17,3961001
2013-12-18,3919711
2013-12-19,3820534
2013-12-20,3690652
2013-12-21,3338004
2013-12-22,3369855
2013-12-23,3602781
2013-12-24,3010143
2013-12-25,2908822
2013-12-26,3544964
2013-12-27,3520461
2013-12-28,3482667
2013-12-29,3632277
2013-12-30,3981300
2013-12-31,3536155
2014-12-01,7873170
2014-12-02,7637232
2014-12-03,7510267
2014-12-04,7375012
2014-12-05,7231077
2014-12-06,6759637
2014-12-07,7147035
2014-12-08,7795296
2014-12-09,7810954
2014-12-10,7692154
2014-12-11,7563748
2014-12-12,7359988
2014-12-13,6661572
2014-12-14,7059170
2014-12-15,7778331
2014-12-16,7639972
2014-12-17,7542953
2014-12-18,7242671
2014-12-19,6846568
2014-12-20,6373876
2014-12-21,6551216
2014-12-22,7193382
2014-12-23,7027179
2014-12-24,5938958
2014-12-25,5663564
2014-12-26,6655245
2014-12-27,6659444
2014-12-28,6844333
2014-12-29,7443408
2014-12-30,7264963
2014-12-31,6380580
2015-12-01,10799255
2015-12-02,10621054
2015-12-03,10469540
2015-12-04,10176560
2015-12-05,9422296
2015-12-06,9932377
2015-12-07,10855949
2015-12-08,10623810
2015-12-09,10493428
2015-12-10,10323164
2015-12-11,9900027
2015-12-12,9187859
2015-12-13,8615315
2015-12-14,10818167
2015-12-15,9429934
2015-12-16,10302007
2015-12-17,10038493
2015-12-18,9598232
2015-12-19,8906126
2015-12-20,9300670
2015-12-21,10564014
2015-12-22,9793808
2015-12-23,9171748
2015-12-24,7649441
2015-12-25,7458903
2015-12-26,8507453
2015-12-27,9086109
2015-12-28,10035426
2015-12-29,9912634
2015-12-30,9763817
2015-12-31,8566011
2011-02-01,224964
2011-02-02,223616
2011-02-03,224532
2011-02-04,214061
2011-02-05,172672
2011-02-06,183377
2011-02-07,222941
2011-02-08,221781
2011-02-09,211309
2011-02-10,206047
2011-02-11,194215
2011-02-12,162676
2011-02-13,175914
2011-02-14,211669
2011-02-15,215969
2011-02-16,208007
2011-02-17,202807
2011-02-18,190050
2011-02-19,166261
2011-02-20,170311
2011-02-21,201364
2011-02-22,202995
2011-02-23,200359
2011-02-24,206022
2011-02-25,191122
2011-02-26,167815
2011-02-27,175579
2011-02-28,210326
2012-02-01,941863
2012-02-02,949232
2012-02-03,895152
2012-02-04,802858
2012-02-05,824034
2012-02-06,968565
2012-02-07,967360
2012-02-08,953356
2012-02-09,926774
2012-02-10,886763
2012-02-11,800455
2012-02-12,884994
2012-02-13,1067006
2012-02-14,1019602
2012-02-15,1017413
2012-02-16,1050940
2012-02-17,1049333
2012-02-18,928961
2012-02-19,967855
2012-02-20,1241271
2012-02-21,1245797
2012-02-22,1216978
2012-02-23,1201420
2012-02-24,1145801
2012-02-25,1030189
2012-02-26,1135691
2012-02-27,1320022
2012-02-28,1335345
2012-02-29,1428284
2013-02-01,1597136
2013-02-02,1446829
2013-02-03,1503294
2013-02-04,1716141
2013-02-05,1778896
2013-02-06,1781685
2013-02-07,1709374
2013-02-08,1676500
2013-02-09,1528030
2013-02-10,1595283
2013-02-11,1703061
2013-02-12,1699086
2013-02-13,1650846
2013-02-14,1601622
2013-02-15,1578891
2013-02-16,1480961
2013-02-17,1538655
2013-02-18,1724304
2013-02-19,1739391
2013-02-20,1711508
2013-02-21,1718839
2013-02-22,1621753
2013-02-23,1471957
2013-02-24,1594932
2013-02-25,1775201
2013-02-26,1780299
2013-02-27,1662840
2013-02-28,1640437
2014-02-01,4112281
2014-02-02,4281053
2014-02-03,4743743
2014-02-04,4676851
2014-02-05,4700145
2014-02-06,4594501
2014-02-07,4463161
2014-02-08,4189524
2014-02-09,4297182
2014-02-10,4679008
2014-02-11,4670077
2014-02-12,4675143
2014-02-13,4532077
2014-02-14,4308249
2014-02-15,4087203
2014-02-16,4186751
2014-02-17,4676621
2014-02-18,4587867
2014-02-19,4614524
2014-02-20,4685213
2014-02-21,4604291
2014-02-22,4250069
2014-02-23,4469830
2014-02-24,4984611
2014-02-25,4990103
2014-02-26,5049721
2014-02-27,4884945
2014-02-28,4793454
2015-02-01,7213254
2015-02-02,7944271
2015-02-03,7774725
2015-02-04,7684217
2015-02-05,7540908
2015-02-06,7145461
2015-02-07,6629725
2015-02-08,7034850
2015-02-09,7739968
2015-02-10,7204594
2015-02-11,7375089
2015-02-12,7397065
2015-02-13,7130012
2015-02-14,6579744
2015-02-15,7006241
2015-02-16,7794078
2015-02-17,7666871
2015-02-18,7610014
2015-02-19,7566208
2015-02-20,7386869
2015-02-21,7008301
2015-02-22,6336010
2015-02-23,8020244
2015-02-24,7847381
2015-02-25,7795547
2015-02-26,7751008
2015-02-27,7338833
2015-02-28,6850633
2016-02-01,11302936
2016-02-02,11125081
2016-02-03,11040910
2016-02-04,10847290
2016-02-05,10509774
2016-02-06,9711046
2016-02-07,10178672
2016-02-08,11305059
2016-02-09,11187421
2016-02-10,11038524
2016-02-11,10780142
2016-02-12,10498836
2016-02-13,9830796
2016-02-14,10198462
2016-02-15,11469839
2016-02-16,11040797
2016-02-17,10885620
2016-02-18,10768552
2016-02-19,10406564
2016-02-20,9722782
2016-02-21,10306717
2016-02-22,11290548
2016-02-23,11133853
2016-02-24,11003361
2016-02-25,10607145
2016-02-26,10379742
2016-02-27,9672743
2016-02-28,10335023
2016-02-29,11371140
2011-01-01,66042
2011-01-02,75625
2011-01-03,153562
2011-01-04,208933
2011-01-05,176519
2011-01-06,169744
2011-01-07,161150
2011-01-08,129158
2011-01-09,135383
2011-01-10,167511
2011-01-11,171773
2011-01-12,165810
2011-01-13,171842
2011-01-14,178367
2011-01-15,132088
2011-01-16,161775
2011-01-17,172978
2011-01-18,170900
2011-01-19,169843
2011-01-20,218556
2011-01-21,203449
2011-01-22,154372
2011-01-23,166273
2011-01-24,200439
2011-01-25,203123
2011-01-26,208661
2011-01-27,211163
2011-01-29,163380
2011-01-30,198391
2011-01-31,241955
2012-01-01,393933
2012-01-02,496078
2012-01-03,538194
2012-01-04,525008
2012-01-05,520193
2012-01-06,498824
2012-01-07,447346
2012-01-08,470358
2012-01-09,552904
2012-01-10,550117
2012-01-11,551280
2012-01-12,571546
2012-01-13,667419
2012-01-14,525228
2012-01-15,517356
2012-01-16,640067
2012-01-17,644993
2012-01-18,638165
2012-01-19,613012
2012-01-20,598611
2012-01-21,551683
2012-01-22,585005
2012-01-23,719053
2012-01-24,731472
2012-01-25,848468
2012-01-26,799438
2012-01-27,765822
2012-01-28,828619
2012-01-29,837445
2012-01-30,982994
2012-01-31,933069
2013-01-01,1349922
2013-01-02,1677267
2013-01-03,1759653
2013-01-04,1630646
2013-01-05,1456655
2013-01-06,1489781
2013-01-07,1732448
2013-01-08,1796661
2013-01-09,1717858
2013-01-10,1675736
2013-01-11,1578781
2013-01-12,1434121
2013-01-13,1501812
2013-01-14,1744871
2013-01-15,1790400
2013-01-16,1763992
2013-01-17,1656899
2013-01-18,1595795
2013-01-19,1465960
2013-01-20,1581750
2013-01-21,1802595
2013-01-22,1769316
2013-01-23,1681949
2013-01-24,1653845
2013-01-25,1592842
2013-01-26,1472936
2013-01-27,1546880
2013-01-28,1749556
2013-01-29,1748833
2013-01-30,1723526
2013-01-31,1660617
2014-01-01,3736154
2014-01-02,4294866
2014-01-03,4194624
2014-01-04,3974276
2014-01-05,4032966
2014-01-06,4191198
2014-01-07,4452957
2014-01-08,4290939
2014-01-09,4486289
2014-01-10,4282410
2014-01-11,3987027
2014-01-12,4033790
2014-01-13,4631435
2014-01-14,4633550
2014-01-15,4612408
2014-01-16,4548253
2014-01-17,4403713
2014-01-18,4163192
2014-01-19,4318389
2014-01-20,4642310
2014-01-21,4684140
2014-01-22,4586657
2014-01-23,4501419
2014-01-24,4440349
2014-01-25,4144647
2014-01-26,4345990
2014-01-27,4787534
2014-01-28,4739541
2014-01-29,4676104
2014-01-30,4564974
2014-01-31,4405924
2015-01-01,6096979
2015-01-02,6865454
2015-01-03,6660234
2015-01-04,6849045
2015-01-05,7381227
2015-01-06,7234708
2015-01-07,7267836
2015-01-08,7230038
2015-01-09,6967517
2015-01-10,6554459
2015-01-11,6830344
2015-01-12,7531399
2015-01-13,7362380
2015-01-14,7317456
2015-01-15,7282105
2015-01-16,7026602
2015-01-17,6575423
2015-01-18,6924945
2015-01-19,7623958
2015-01-20,7480247
2015-01-21,7412419
2015-01-22,7363752
2015-01-23,7121326
2015-01-24,6713085
2015-01-25,6983989
2015-01-26,7689829
2015-01-27,7615996
2015-01-28,7652593
2015-01-29,7633873
2015-01-30,7335299
2015-01-31,6864180
2016-01-01,8985421
2016-01-02,9647836
2016-01-03,10050316
2016-01-04,11186219
2016-01-05,11005266
2016-01-06,10915495
2016-01-07,10910297
2016-01-08,10591972
2016-01-09,9975418
2016-01-10,10448868
2016-01-11,11446811
2016-01-12,11075538
2016-01-13,10968389
2016-01-14,10887854
2016-01-15,10524147
2016-01-16,9845554
2016-01-17,10313292
2016-01-18,11314679
2016-01-19,10999697
2016-01-20,10857122
2016-01-21,10692043
2016-01-22,10503954
2016-01-23,9933001
2016-01-24,10339263
2016-01-25,11331157
2016-01-26,11176752
2016-01-27,11104846
2016-01-28,10846257
2016-01-29,10476108
2016-01-30,9802185
2016-01-31,10407032
2010-07-01,56185
2010-07-02,42498
2010-07-03,32797
2010-07-04,33897
2010-07-05,42178
2010-07-06,45310
2010-07-07,42706
2010-07-08,52760
2010-07-09,65436
2010-07-10,39742
2010-07-11,43088
2010-07-12,57395
2010-07-13,61298
2010-07-14,61736
2010-07-15,59208
2010-07-16,49167
2010-07-17,45462
2010-07-18,41922
2010-07-19,52225
2010-07-20,52341
2010-07-21,50565
2010-07-22,48915
2010-07-23,44286
2010-07-24,35651
2010-07-25,37933
2010-07-26,54925
2010-07-27,58964
2010-07-28,57388
2010-07-29,71022
2010-07-30,52035
2010-07-31,40174
2011-07-01,259354
2011-07-02,224723
2011-07-03,222830
2011-07-04,257431
2011-07-05,287485
2011-07-06,294648
2011-07-07,298843
2011-07-08,278134
2011-07-09,243722
2011-07-10,267929
2011-07-11,298988
2011-07-12,286244
2011-07-13,275004
2011-07-14,281007
2011-07-15,280154
2011-07-16,232116
2011-07-17,241787
2011-07-18,293807
2011-07-19,298099
2011-07-20,291770
2011-07-21,284269
2011-07-22,269807
2011-07-23,225746
2011-07-24,241642
2011-07-25,296424
2011-07-26,289173
2011-07-27,299667
2011-07-28,319920
2011-07-29,267336
2011-07-30,219102
2011-07-31,233270
2012-07-01,1230947
2012-07-02,1550950
2012-07-03,1529700
2012-07-04,1298058
2012-07-05,1355991
2012-07-06,1296463
2012-07-07,1115600
2012-07-08,1182681
2012-07-09,1487333
2012-07-10,1561451
2012-07-11,1487163
2012-07-12,1440336
2012-07-13,1375372
2012-07-14,1213376
2012-07-15,1300401
2012-07-16,1554612
2012-07-17,1531627
2012-07-18,1485762
2012-07-19,1498138
2012-07-20,1452975
2012-07-21,1186854
2012-07-22,1230681
2012-07-23,1494525
2012-07-24,1460260
2012-07-25,1436644
2012-07-26,1440826
2012-07-27,1349928
2012-07-28,1190444
2012-07-29,1235790
2012-07-30,1486124
2012-07-31,1461944
2013-07-01,3468127
2013-07-02,3317892
2013-07-03,3136372
2013-07-04,2895028
2013-07-05,2957143
2013-07-06,2527501
2013-07-07,2743875
2013-07-08,3282645
2013-07-09,3204677
2013-07-10,3313864
2013-07-11,3538872
2013-07-12,3554402
2013-07-13,3161514
2013-07-14,3418452
2013-07-15,3939918
2013-07-16,3827544
2013-07-17,3720273
2013-07-18,3534812
2013-07-19,3547370
2013-07-20,3094929
2013-07-21,3080955
2013-07-22,3857268
2013-07-23,3786264
2013-07-24,3704259
2013-07-25,3612560
2013-07-26,3534585
2013-07-27,3153184
2013-07-28,3338789
2013-07-29,3883959
2013-07-30,3860616
2013-07-31,3666502
2014-07-01,5295600
2014-07-02,5293100
2014-07-03,5183214
2014-07-04,4743507
2014-07-05,4475386
2014-07-06,4653616
2014-07-07,5392125
2014-07-08,5358655
2014-07-09,5371341
2014-07-10,5256231
2014-07-11,4959523
2014-07-12,4045640
2014-07-13,4620954
2014-07-14,5425785
2014-07-15,5362996
2014-07-16,5311942
2014-07-17,5148499
2014-07-18,4725640
2014-07-19,4209768
2014-07-20,4422880
2014-07-21,5246856
2014-07-22,5155327
2014-07-23,5001760
2014-07-24,4904433
2014-07-25,4795498
2014-07-26,4230713
2014-07-27,4372680
2014-07-28,5214949
2014-07-29,5186971
2014-07-30,5068547
2014-07-31,4954944
2015-07-01,8919221
2015-07-02,8716022
2015-07-03,8180935
2015-07-04,7402667
2015-07-05,7978947
2015-07-06,9322134
2015-07-07,9204931
2015-07-08,9147662
2015-07-09,8944917
2015-07-10,8421543
2015-07-11,7542956
2015-07-12,8111186
2015-07-13,9359936
2015-07-14,9179491
2015-07-15,9053350
2015-07-16,8762476
2015-07-17,8465347
2015-07-18,7615902
2015-07-19,8152441
2015-07-20,9306654
2015-07-21,9116104
2015-07-22,8931857
2015-07-23,8802979
2015-07-24,8468743
2015-07-25,7766734
2015-07-26,8150913
2015-07-27,9374882
2015-07-28,9196398
2015-07-29,9116348
2015-07-30,8987425
2015-07-31,8572512
2016-07-01,10548900
2016-07-02,9560245
2016-07-03,10015288
2016-07-04,10949481
2010-06-01,51004
2010-06-02,50649
2010-06-03,50611
2010-06-04,42364
2010-06-05,34431
2010-06-06,35888
2010-06-07,44992
2010-06-08,46048
2010-06-09,44709
2010-06-10,46041
2010-06-11,37696
2010-06-12,28926
2010-06-13,31021
2010-06-14,42134
2010-06-15,38605
2010-06-16,44083
2010-06-17,37840
2010-06-18,34169
2010-06-19,28542
2010-06-20,30442
2010-06-21,38311
2010-06-22,41639
2010-06-23,41704
2010-06-24,43755
2010-06-25,34826
2010-06-26,27876
2010-06-27,31513
2010-06-28,39429
2010-06-29,39780
2010-06-30,40151
2011-06-01,219654
2011-06-02,211566
2011-06-03,196184
2011-06-04,170272
2011-06-05,179859
2011-06-06,226131
2011-06-07,221573
2011-06-08,220593
2011-06-09,228680
2011-06-10,215701
2011-06-11,188663
2011-06-12,209120
2011-06-13,232885
2011-06-14,235282
2011-06-15,231828
2011-06-16,256117
2011-06-17,219514
2011-06-18,192584
2011-06-19,195757
2011-06-20,301423
2011-06-21,343059
2011-06-22,332676
2011-06-23,319817
2011-06-24,316778
2011-06-25,250730
2011-06-26,255520
2011-06-27,318425
2011-06-28,312471
2011-06-29,290155
2011-06-30,285213
2012-06-01,1446028
2012-06-02,1226397
2012-06-03,1297114
2012-06-04,1534074
2012-06-05,1560865
2012-06-06,1522705
2012-06-07,1491515
2012-06-08,1424091
2012-06-09,1249120
2012-06-10,1299423
2012-06-11,1549126
2012-06-12,1513882
2012-06-13,1473507
2012-06-14,1462547
2012-06-15,1361804
2012-06-16,1176247
2012-06-17,1238920
2012-06-18,1521351
2012-06-19,1480581
2012-06-20,1447178
2012-06-21,1419491
2012-06-22,1339744
2012-06-23,1156289
2012-06-24,1232491
2012-06-25,1471397
2012-06-26,1437099
2012-06-27,1429507
2012-06-28,1396523
2012-06-29,1330139
2012-06-30,1135545
2013-06-01,1618572
2013-06-02,1687001
2013-06-03,1923962
2013-06-04,1883694
2013-06-05,1868638
2013-06-06,1835599
2013-06-07,1854349
2013-06-08,1725638
2013-06-09,1821113
2013-06-10,2211203
2013-06-11,2237028
2013-06-12,2350762
2013-06-13,2458620
2013-06-14,2548397
2013-06-15,2323159
2013-06-16,2601361
2013-06-17,3095907
2013-06-18,3171389
2013-06-19,3230467
2013-06-20,3493828
2013-06-21,3186900
2013-06-22,2922257
2013-06-23,3018079
2013-06-24,3572831
2013-06-25,3519049
2013-06-26,3390799
2013-06-27,3287759
2013-06-28,3045106
2013-06-29,2776498
2013-06-30,3017721
2014-06-01,5035455
2014-06-02,5865817
2014-06-03,5947078
2014-06-04,6012471
2014-06-05,5794057
2014-06-06,5445302
2014-06-07,4929042
2014-06-08,5067476
2014-06-09,5758083
2014-06-10,5802425
2014-06-11,5591746
2014-06-12,5431026
2014-06-13,5231639
2014-06-14,4626483
2014-06-15,4696210
2014-06-16,5378716
2014-06-17,4924077
2014-06-18,5515003
2014-06-19,5461542
2014-06-20,5202639
2014-06-21,4544715
2014-06-22,4814701
2014-06-23,5591911
2014-06-24,5450564
2014-06-25,5462832
2014-06-26,5240815
2014-06-27,4997603
2014-06-28,4455081
2014-06-29,4835189
2014-06-30,5466430
2015-06-01,8174157
2015-06-02,8896272
2015-06-03,8724298
2015-06-04,8425782
2015-06-05,8582887
2015-06-06,7746020
2015-06-07,7806224
2015-06-08,9127737
2015-06-09,8993116
2015-06-10,8819713
2015-06-11,8642129
2015-06-12,8249313
2015-06-13,7495380
2015-06-14,7964435
2015-06-15,9069185
2015-06-16,8926279
2015-06-17,8916511
2015-06-18,9069462
2015-06-19,8532823
2015-06-20,7735826
2015-06-21,8002971
2015-06-22,9410198
2015-06-23,9213278
2015-06-24,9040824
2015-06-25,8940219
2015-06-26,8530991
2015-06-27,7735917
2015-06-28,8050683
2015-06-29,9113784
2015-06-30,8958875
2016-06-01,11777654
2016-06-02,11644806
2016-06-03,11088563
2016-06-04,10147954
2016-06-05,10669234
2016-06-06,11877016
2016-06-07,11767395
2016-06-08,11597196
2016-06-09,11364675
2016-06-10,10959593
2016-06-11,10191109
2016-06-12,10919691
2016-06-13,12204267
2016-06-14,11892592
2016-06-15,11680082
2016-06-16,11437467
2016-06-17,10899769
2016-06-18,9809158
2016-06-19,10382464
2016-06-20,12092249
2016-06-21,11650384
2016-06-22,11445723
2016-06-23,11207162
2016-06-24,10704437
2016-06-25,9780863
2016-06-26,10206471
2016-06-27,11625691
2016-06-28,11471316
2016-06-29,11139472
2016-06-30,11031839
2011-03-01,201463
2011-03-02,200422
2011-03-03,205853
2011-03-04,194065
2011-03-05,170591
2011-03-06,186986
2011-03-07,209859
2011-03-08,203495
2011-03-09,206359
2011-03-10,202211
2011-03-11,186353
2011-03-12,158405
2011-03-13,162549
2011-03-14,203044
2011-03-15,201162
2011-03-16,198121
2011-03-17,204958
2011-03-18,192467
2011-03-19,172606
2011-03-20,173243
2011-03-21,204087
2011-03-22,207477
2011-03-23,208059
2011-03-24,204547
2011-03-25,202380
2011-03-26,195884
2011-03-27,202231
2011-03-28,210387
2011-03-29,208743
2011-03-30,199045
2011-03-31,193426
2012-03-01,1561384
2012-03-02,1552992
2012-03-03,1369763
2012-03-04,1429559
2012-03-05,1602723
2012-03-06,1555835
2012-03-07,1516726
2012-03-08,1463788
2012-03-09,1381855
2012-03-10,1240023
2012-03-11,1292014
2012-03-12,1570071
2012-03-13,1512307
2012-03-14,1488853
2012-03-15,1477934
2012-03-16,1352904
2012-03-17,1190352
2012-03-18,1285872
2012-03-19,1521319
2012-03-20,1508018
2012-03-21,1440459
2012-03-22,1404790
2012-03-23,1349631
2012-03-24,1199466
2012-03-25,1263417
2012-03-26,1498420
2012-03-27,1481599
2012-03-28,1464737
2012-03-29,1513089
2012-03-30,1517405
2012-03-31,1327920
2013-03-01,1578735
2013-03-02,1458141
2013-03-03,1529474
2013-03-04,1738364
2013-03-05,1644706
2013-03-06,1631392
2013-03-07,1638845
2013-03-08,1579431
2013-03-09,1457641
2013-03-10,1467592
2013-03-11,1706675
2013-03-12,1687062
2013-03-13,1669342
2013-03-14,1667292
2013-03-15,1574956
2013-03-16,1455633
2013-03-17,1541703
2013-03-18,1711602
2013-03-19,1694311
2013-03-20,1663472
2013-03-21,1644367
2013-03-22,1591718
2013-03-23,1465799
2013-03-24,1556264
2013-03-25,1734945
2013-03-26,1694075
2013-03-27,1650478
2013-03-28,1602542
2013-03-29,1543031
2013-03-30,1391987
2013-03-31,1422629
2014-03-01,4424371
2014-03-02,4446131
2014-03-03,4857391
2014-03-04,4789920
2014-03-05,4814360
2014-03-06,4715739
2014-03-07,4516688
2014-03-08,4154810
2014-03-09,4185487
2014-03-10,4890701
2014-03-11,4856126
2014-03-12,4903392
2014-03-13,4922026
2014-03-14,4792694
2014-03-15,4485416
2014-03-16,4738359
2014-03-17,5189890
2014-03-18,4809074
2014-03-19,4984088
2014-03-20,4835469
2014-03-21,4837341
2014-03-22,4445086
2014-03-23,4709550
2014-03-24,5094867
2014-03-25,5008858
2014-03-26,4949067
2014-03-27,4860656
2014-03-28,4700251
2014-03-29,4313764
2014-03-30,4510666
2014-03-31,5131893
2015-03-01,7506522
2015-03-02,8096246
2015-03-03,7979772
2015-03-04,7914844
2015-03-05,7897031
2015-03-06,7514252
2015-03-07,6952493
2015-03-08,6162882
2015-03-09,8083758
2015-03-10,7967944
2015-03-11,7906084
2015-03-12,7778455
2015-03-13,7496556
2015-03-14,7051773
2015-03-15,7388665
2015-03-16,8124201
2015-03-17,8058726
2015-03-18,8005279
2015-03-19,7954645
2015-03-20,7738265
2015-03-21,7192661
2015-03-22,7673686
2015-03-23,8394360
2015-03-24,8211463
2015-03-25,8182785
2015-03-26,8045868
2015-03-27,7792398
2015-03-28,7207769
2015-03-29,7581255
2015-03-30,8366547
2015-03-31,8192097
2016-03-01,11172894
2016-03-02,11145199
2016-03-03,10918363
2016-03-04,10550977
2016-03-05,9883694
2016-03-06,10400709
2016-03-07,11322715
2016-03-08,11131026
2016-03-09,11054587
2016-03-10,10957153
2016-03-11,10492653
2016-03-12,8530739
2016-03-13,9938332
2016-03-14,11182171
2016-03-15,11079034
2016-03-16,11004696
2016-03-17,10557628
2016-03-18,10238631
2016-03-19,9557607
2016-03-20,10113760
2016-03-21,11245362
2016-03-22,10812829
2016-03-23,10683327
2016-03-24,10293330
2016-03-25,10055622
2016-03-26,9062606
2016-03-27,9220261
2016-03-28,10651753
2016-03-29,11058306
2016-03-30,11069184
2016-03-31,10965114
2010-05-01,28472
2010-05-02,34148
2010-05-03,42981
2010-05-04,43615
2010-05-05,41075
2010-05-06,40972
2010-05-07,39329
2010-05-08,32614
2010-05-09,37480
2010-05-10,56676
2010-05-11,61156
2010-05-12,51027
2010-05-13,45961
2010-05-14,41728
2010-05-15,33063
2010-05-16,36466
2010-05-17,48405
2010-05-18,52251
2010-05-19,46126
2010-05-20,45422
2010-05-21,46337
2010-05-22,41038
2010-05-23,56041
2010-05-24,80602
2010-05-25,82064
2010-05-26,57695
2010-05-27,50895
2010-05-28,43571
2010-05-29,34901
2010-05-30,37014
2010-05-31,46971
2011-05-01,177575
2011-05-02,217319
2011-05-03,219255
2011-05-04,216602
2011-05-05,210848
2011-05-06,196978
2011-05-07,164917
2011-05-08,174895
2011-05-09,226320
2011-05-10,227759
2011-05-11,218464
2011-05-12,215213
2011-05-13,208489
2011-05-14,170617
2011-05-15,190547
2011-05-16,230690
2011-05-17,222071
2011-05-18,219946
2011-05-19,212594
2011-05-20,199866
2011-05-21,165660
2011-05-22,184237
2011-05-23,233124
2011-05-24,224709
2011-05-25,221351
2011-05-26,213867
2011-05-27,206505
2011-05-28,177138
2011-05-29,172894
2011-05-30,199837
2011-05-31,216184
2012-05-01,1475198
2012-05-02,1524872
2012-05-03,1652523
2012-05-04,1445549
2012-05-05,1276707
2012-05-06,1363889
2012-05-07,1600244
2012-05-08,1549822
2012-05-09,1530998
2012-05-10,1490580
2012-05-11,1410706
2012-05-12,1219242
2012-05-13,1269093
2012-05-14,1577442
2012-05-15,1598686
2012-05-16,1497987
2012-05-17,1488537
2012-05-18,1422966
2012-05-19,1221697
2012-05-20,1325353
2012-05-21,1586262
2012-05-22,1564624
2012-05-23,1525306
2012-05-24,1501126
2012-05-25,1437315
2012-05-26,1188281
2012-05-27,1227524
2012-05-28,1433921
2012-05-29,1563606
2012-05-30,1564692
2012-05-31,1527738
2013-05-01,1733664
2013-05-02,1832312
2013-05-03,1728947
2013-05-04,1509827
2013-05-05,1557307
2013-05-06,1803259
2013-05-07,1808628
2013-05-08,1799968
2013-05-09,1772183
2013-05-10,1699044
2013-05-11,1557698
2013-05-12,1592705
2013-05-13,1870012
2013-05-14,1833391
2013-05-15,1827434
2013-05-16,1795787
2013-05-17,1755319
2013-05-18,1619434
2013-05-19,1676745
2013-05-20,1865418
2013-05-21,1899463
2013-05-22,1894949
2013-05-23,1834109
2013-05-24,1743116
2013-05-25,1534695
2013-05-26,1591342
2013-05-27,1796247
2013-05-28,1931152
2013-05-29,1897258
2013-05-30,1869704
2013-05-31,1777647
2014-05-01,4976513
2014-05-02,5115245
2014-05-03,4729009
2014-05-04,4905532
2014-05-05,5551760
2014-05-06,5732955
2014-05-07,5747910
2014-05-08,5520194
2014-05-09,5225635
2014-05-10,4618076
2014-05-11,4684899
2014-05-12,5353880
2014-05-13,5273158
2014-05-14,5221460
2014-05-15,5187854
2014-05-16,4861434
2014-05-17,4576656
2014-05-18,4775293
2014-05-19,5660343
2014-05-20,5590566
2014-05-21,5716196
2014-05-22,5569587
2014-05-23,5380388
2014-05-24,4648165
2014-05-25,4655608
2014-05-26,5366947
2014-05-27,5725870
2014-05-28,5748206
2014-05-29,5541068
2014-05-30,5364274
2014-05-31,4867568
2015-05-01,7905258
2015-05-02,7304016
2015-05-03,7799333
2015-05-04,8792662
2015-05-05,8758121
2015-05-06,8589975
2015-05-07,8368009
2015-05-08,8019355
2015-05-09,7311640
2015-05-10,7528521
2015-05-11,8717565
2015-05-12,8627723
2015-05-13,8421355
2015-05-14,8415884
2015-05-15,8129152
2015-05-16,7375470
2015-05-17,7783848
2015-05-18,8587559
2015-05-19,8898061
2015-05-20,8721914
2015-05-21,8477118
2015-05-22,8048907
2015-05-23,7229906
2015-05-24,7418265
2015-05-25,8451450
2015-05-26,8919658
2015-05-27,8719694
2015-05-28,8561973
2015-05-29,8223903
2015-05-30,7488591
2015-05-31,8122971
2016-05-01,10043802
2016-05-02,11194549
2016-05-03,11138474
2016-05-04,10902648
2016-05-05,10340560
2016-05-06,10053903
2016-05-07,9147610
2016-05-08,9558514
2016-05-09,11993479
2016-05-10,11525968
2016-05-11,10838344
2016-05-12,10547474
2016-05-13,10430012
2016-05-14,9536219
2016-05-15,9928534
2016-05-16,11205322
2016-05-17,11097705
2016-05-18,11312686
2016-05-19,10373945
2016-05-20,9858899
2016-05-21,10470213
2016-05-22,11152125
2016-05-23,12657536
2016-05-24,12216032
2016-05-25,11948938
2016-05-26,11214855
2016-05-27,10821620
2016-05-28,9757924
2016-05-29,10434932
2016-05-30,11826571
2016-05-31,11759553
2010-11-01,92904
2010-11-02,100985
2010-11-03,97569
2010-11-04,95739
2010-11-05,73475
2010-11-06,65615
2010-11-07,70106
2010-11-08,83559
2010-11-09,83343
2010-11-10,79727
2010-11-11,78801
2010-11-12,79275
2010-11-13,66802
2010-11-14,69325
2010-11-15,82691
2010-11-16,82148
2010-11-17,79741
2010-11-18,78249
2010-11-19,75234
2010-11-20,62650
2010-11-21,64933
2010-11-22,89502
2010-11-23,95971
2010-11-24,79011
2010-11-25,67743
2010-11-26,69029
2010-11-27,63318
2010-11-28,68928
2010-11-29,83439
2010-11-30,83031
2011-11-01,387805
2011-11-02,418821
2011-11-03,400378
2011-11-04,373153
2011-11-05,327138
2011-11-06,391240
2011-11-07,475778
2011-11-08,442962
2011-11-09,436387
2011-11-10,426779
2011-11-11,379255
2011-11-12,330683
2011-11-13,374592
2011-11-14,442955
2011-11-15,435090
2011-11-16,425558
2011-11-17,421830
2011-11-18,388261
2011-11-19,328489
2011-11-20,361333
2011-11-21,436021
2011-11-22,434924
2011-11-23,401341
2011-11-24,353158
2011-11-25,370418
2011-11-26,362500
2011-11-27,434197
2011-11-28,524030
2011-11-29,541003
2011-11-30,521081
2012-11-01,1493595
2012-11-02,1432106
2012-11-03,1310398
2012-11-04,1463896
2012-11-05,1620524
2012-11-06,1637752
2012-11-07,1620882
2012-11-08,1543389
2012-11-09,1477780
2012-11-10,1477858
2012-11-11,1591840
2012-11-12,1825659
2012-11-13,1782284
2012-11-14,1698948
2012-11-15,1892854
2012-11-16,1691030
2012-11-17,1539259
2012-11-18,1622131
2012-11-19,1837014
2012-11-20,1785673
2012-11-21,1765516
2012-11-22,1597094
2012-11-23,1602885
2012-11-24,1566501
2012-11-25,1665023
2012-11-26,1887942
2012-11-27,1775001
2012-11-28,1743188
2012-11-29,1740215
2012-11-30,1623329
2013-11-01,3963151
2013-11-02,3659580
2013-11-03,4057300
2013-11-04,4309243
2013-11-05,4278749
2013-11-06,4219247
2013-11-07,4157540
2013-11-08,3973637
2013-11-09,3632379
2013-11-10,3838777
2013-11-11,4337128
2013-11-12,4256167
2013-11-13,4194297
2013-11-14,4035180
2013-11-15,3899500
2013-11-16,3670382
2013-11-17,3822956
2013-11-18,4220923
2013-11-19,4149626
2013-11-20,4107458
2013-11-21,4106099
2013-11-22,3941466
2013-11-23,3672032
2013-11-24,3792413
2013-11-25,4184308
2013-11-26,4071731
2013-11-27,3996935
2013-11-28,3629688
2013-11-29,3806089
2013-11-30,3619478
2014-11-01,5958331
2014-11-02,6302898
2014-11-03,6839363
2014-11-04,6857725
2014-11-05,6658724
2014-11-06,6565835
2014-11-07,6251906
2014-11-08,5741871
2014-11-09,6222663
2014-11-10,7160344
2014-11-11,8050489
2014-11-12,7830892
2014-11-13,7684861
2014-11-14,7238031
2014-11-15,6714405
2014-11-16,7084670
2014-11-17,7637997
2014-11-18,7469231
2014-11-19,7375143
2014-11-20,7272756
2014-11-21,7096294
2014-11-22,6650338
2014-11-23,6849137
2014-11-24,7577370
2014-11-25,7338349
2014-11-26,7188788
2014-11-27,6590472
2014-11-28,6976768
2014-11-29,6542779
2014-11-30,7028810
2015-11-01,9841454
2015-11-02,10705044
2015-11-03,10521903
2015-11-04,10475112
2015-11-05,10346274
2015-11-06,9964279
2015-11-07,9294676
2015-11-08,9687546
2015-11-09,10858939
2015-11-10,10551112
2015-11-11,10494036
2015-11-12,10304049
2015-11-13,10064444
2015-11-14,9223185
2015-11-15,9732406
2015-11-16,10774186
2015-11-17,10618383
2015-11-18,10445437
2015-11-19,10380512
2015-11-20,10237473
2015-11-21,9223397
2015-11-22,9223159
2015-11-23,9535606
2015-11-24,10721010
2015-11-25,10214073
2015-11-26,9679114
2015-11-27,10059075
2015-11-28,9571183
2015-11-29,9539896
2015-11-30,10641356
2010-10-01,76837
2010-10-02,60453
2010-10-03,65920
2010-10-04,82485
2010-10-05,79454
2010-10-06,78646
2010-10-07,77973
2010-10-08,73627
2010-10-09,56721
2010-10-10,68933
2010-10-11,80034
2010-10-12,79831
2010-10-13,80127
2010-10-14,81237
2010-10-15,70762
2010-10-16,59705
2010-10-17,63995
2010-10-18,80468
2010-10-19,96026
2010-10-20,91198
2010-10-21,90981
2010-10-22,86251
2010-10-23,75075
2010-10-24,80828
2010-10-25,93060
2010-10-26,96026
2010-10-27,95438
2010-10-28,89680
2010-10-29,84626
2010-10-30,71287
2010-10-31,80173
2011-10-01,257658
2011-10-02,276703
2011-10-03,325212
2011-10-04,327084
2011-10-05,325992
2011-10-06,315580
2011-10-07,295098
2011-10-08,256896
2011-10-09,284588
2011-10-10,343293
2011-10-11,337984
2011-10-12,337381
2011-10-13,372613
2011-10-14,335927
2011-10-15,281985
2011-10-16,309844
2011-10-17,361893
2011-10-18,358604
2011-10-19,366554
2011-10-20,354780
2011-10-21,336489
2011-10-22,290039
2011-10-23,310843
2011-10-24,384857
2011-10-25,389778
2011-10-26,385453
2011-10-27,375415
2011-10-28,347323
2011-10-29,290856
2011-10-30,308787
2011-10-31,374654
2012-10-01,1552799
2012-10-02,1543985
2012-10-03,1589948
2012-10-04,1430535
2012-10-05,1366374
2012-10-06,1197080
2012-10-07,1282383
2012-10-08,1532662
2012-10-09,1460891
2012-10-10,1448660
2012-10-11,1415203
2012-10-12,1348082
2012-10-13,1211373
2012-10-14,1308706
2012-10-15,1504448
2012-10-16,1509252
2012-10-17,1582183
2012-10-18,1507396
2012-10-19,1433509
2012-10-20,1287345
2012-10-21,1384033
2012-10-22,1632591
2012-10-23,1637430
2012-10-24,1608493
2012-10-25,1580302
2012-10-26,1502800
2012-10-27,1344809
2012-10-28,1493450
2012-10-29,1674271
2012-10-30,1627021
2012-10-31,1532288
2013-10-01,4062210
2013-10-02,4038678
2013-10-03,4069068
2013-10-04,3824680
2013-10-05,3399455
2013-10-06,3553068
2013-10-07,4065406
2013-10-08,4036850
2013-10-09,3964937
2013-10-10,3954699
2013-10-11,3873143
2013-10-12,3567157
2013-10-13,3745323
2013-10-14,4299930
2013-10-15,4292422
2013-10-16,4209809
2013-10-17,4141011
2013-10-18,3968694
2013-10-19,3562610
2013-10-20,3705835
2013-10-21,4219109
2013-10-22,4179513
2013-10-23,4123530
2013-10-24,4154791
2013-10-25,4017389
2013-10-26,3654318
2013-10-27,3753175
2013-10-28,4306679
2013-10-29,4288090
2013-10-30,4107955
2013-10-31,4107244
2014-10-01,6136484
2014-10-02,5998160
2014-10-03,5792784
2014-10-04,5330004
2014-10-05,5596467
2014-10-06,6268032
2014-10-07,6252372
2014-10-08,6174431
2014-10-09,6065520
2014-10-10,5857395
2014-10-11,5445735
2014-10-12,5762433
2014-10-13,6505578
2014-10-14,6378632
2014-10-15,6255580
2014-10-16,6175144
2014-10-17,6163256
2014-10-18,5654624
2014-10-19,5923550
2014-10-20,6698252
2014-10-21,6647893
2014-10-22,6620387
2014-10-23,6584202
2014-10-24,6199841
2014-10-25,5877467
2014-10-26,6116236
2014-10-27,6846717
2014-10-28,6819363
2014-10-29,6692032
2014-10-30,6471545
2014-10-31,6107237
2015-10-01,9736726
2015-10-02,9160128
2015-10-03,8522353
2015-10-04,8949075
2015-10-05,9936777
2015-10-06,9845341
2015-10-07,9748977
2015-10-08,9631748
2015-10-09,9320150
2015-10-10,8501524
2015-10-11,8854108
2015-10-12,10054244
2015-10-13,9987821
2015-10-14,9858478
2015-10-15,9681675
2015-10-16,9370517
2015-10-17,8550860
2015-10-18,9111318
2015-10-19,10282865
2015-10-20,10181227
2015-10-21,10085904
2015-10-22,9927967
2015-10-23,9599279
2015-10-24,8803648
2015-10-25,9620550
2015-10-26,10395830
2015-10-27,10332183
2015-10-28,10372498
2015-10-29,10219433
2015-10-30,9552129
2015-10-31,8144535
2010-09-01,65734
2010-09-02,64155
2010-09-03,62208
2010-09-04,53460
2010-09-05,53357
2010-09-06,61971
2010-09-07,67019
2010-09-08,69669
2010-09-09,67644
2010-09-10,61413
2010-09-11,50437
2010-09-12,53539
2010-09-13,77036
2010-09-14,69455
2010-09-15,70115
2010-09-16,80355
2010-09-17,66037
2010-09-18,48759
2010-09-20,65460
2010-09-21,76013
2010-09-22,72377
2010-09-23,73917
2010-09-24,66410
2010-09-25,77916
2010-09-26,73165
2010-09-27,83222
2010-09-28,80744
2010-09-29,81985
2010-09-30,97101
2011-09-01,340169
2011-09-02,308870
2011-09-03,241353
2011-09-04,261567
2011-09-05,310062
2011-09-06,321194
2011-09-07,320869
2011-09-08,305206
2011-09-09,294647
2011-09-10,247350
2011-09-11,270359
2011-09-12,323618
2011-09-13,328611
2011-09-14,314786
2011-09-15,315644
2011-09-16,295680
2011-09-17,250776
2011-09-18,269619
2011-09-19,321251
2011-09-20,317674
2011-09-21,323084
2011-09-22,314189
2011-09-23,296222
2011-09-24,251793
2011-09-25,274495
2011-09-26,324375
2011-09-27,326960
2011-09-28,324839
2011-09-29,313377
2011-09-30,291967
2012-09-01,1203438
2012-09-02,1242909
2012-09-03,1424363
2012-09-04,1500548
2012-09-05,1479657
2012-09-06,1451167
2012-09-07,1389556
2012-09-08,1250090
2012-09-09,1306339
2012-09-10,1538395
2012-09-11,1515362
2012-09-12,1464282
2012-09-13,1450269
2012-09-14,1391300
2012-09-15,1220800
2012-09-16,1425200
2012-09-17,1626916
2012-09-18,1627101
2012-09-19,1614504
2012-09-20,1560642
2012-09-21,1514788
2012-09-22,1368626
2012-09-23,1393684
2012-09-24,1624795
2012-09-25,1609521
2012-09-26,1563846
2012-09-27,1503755
2012-09-28,1440573
2012-09-29,1381355
2012-09-30,1407320
2013-09-01,3615693
2013-09-02,4220664
2013-09-03,4239152
2013-09-04,4091597
2013-09-05,4105733
2013-09-06,4008533
2013-09-07,3557712
2013-09-08,3716950
2013-09-09,4231062
2013-09-10,4061640
2013-09-11,4046480
2013-09-12,3964554
2013-09-13,3837672
2013-09-14,3512433
2013-09-15,3700814
2013-09-16,4212936
2013-09-17,4135335
2013-09-18,4010484
2013-09-19,3890562
2013-09-20,3705390
2013-09-21,3394295
2013-09-22,3543613
2013-09-23,4054090
2013-09-24,4012807
2013-09-25,3970207
2013-09-26,3890848
2013-09-27,3795981
2013-09-28,3440502
2013-09-29,3624310
2013-09-30,4110481
2014-09-01,5507816
2014-09-02,5606755
2014-09-03,5448800
2014-09-04,5301134
2014-09-05,5080079
2014-09-06,4554000
2014-09-07,4682391
2014-09-08,5386709
2014-09-09,5411674
2014-09-10,5531099
2014-09-11,5315428
2014-09-12,5054428
2014-09-13,4577901
2014-09-14,4823037
2014-09-15,5483429
2014-09-16,5352713
2014-09-17,5276039
2014-09-18,5509077
2014-09-19,5628888
2014-09-20,5215613
2014-09-21,5601458
2014-09-22,6238302
2014-09-23,6156946
2014-09-24,6160292
2014-09-25,6065005
2014-09-26,5795857
2014-09-27,5249122
2014-09-28,5573362
2014-09-29,6327201
2014-09-30,6170905
2015-09-01,9773245
2015-09-02,9689878
2015-09-03,9516568
2015-09-04,9055379
2015-09-05,8245750
2015-09-06,8459393
2015-09-07,9462754
2015-09-08,9680562
2015-09-09,9546975
2015-09-10,9485996
2015-09-11,9248865
2015-09-12,8609369
2015-09-13,8940582
2015-09-14,9920397
2015-09-15,9796788
2015-09-16,9715773
2015-09-17,9616491
2015-09-18,9235637
2015-09-19,8448003
2015-09-20,8900861
2015-09-21,9986225
2015-09-22,9766937
2015-09-23,9865349
2015-09-24,9653787
2015-09-25,9183921
2015-09-26,8353916
2015-09-27,8848573
2015-09-28,10093882
2015-09-29,9575744
2015-09-30,9034016